{
  "type": "minecraft:crafting_shaped",
  "category": "equipment",
  "key": {
    "#": "minecraft:iron_ingot",
    "X": "minecraft:golden_apple"
  },
  "pattern": [
    " # ",
    "#X#",
    " # "
  ],
  "result": {
    "id": "minecraft:compass",
    "components": {
      "minecraft:custom_name": {
        "text": "Player Compass",
        "color": "light_purple",
        "italic": false
      },
      "minecraft:lore": [
        {
          "text": "Tracks the ",
          "color": "gray",
          "italic": true,
          "extra": [
            {
              "text": "closest enemy",
              "color": "gold"
            }
          ]
        },
        {
          "text": "while held. The location",
          "color": "gray",
          "italic": true
        },
        {
          "text": "updates every ",
          "color": "gray",
          "italic": true,
          "extra": [
            {
              "text": "5",
              "color": "gold"
            },
            " seconds."
          ]
        }
      ],
      "minecraft:enchantment_glint_override": true,
      "minecraft:lodestone_tracker": {},
      "minecraft:custom_data": {
        "uhcp_player": 1,
        "compass_age": 0,
        "uuid": [-2147483648,-2147483648,-2147483648,-2147483648]
      }
    }
  }
}