{
  "criteria": {
    "requirement": {
      "trigger": "minecraft:tick",
      "conditions": {
        "player": [
          {
            "condition": "minecraft:entity_properties",
            "entity": "this",
            "predicate": {
              "type_specific": {
                "type": "minecraft:player",
                "gamemode": [
                  "survival"
                ]
              },
              "effects": {
                "minecraft:bad_omen": {
                  "amplifier": 101
                }
              }
            }
          }
          ]
      }
    }
  },
  "rewards": {
    "function": "uhcp:augments/effects/prismatic/kungfupanda/init"
  }
}