{
  "criteria": {
    "requirement": {
      "trigger": "minecraft:inventory_changed",
      "conditions": {
        "player": [
          {
            "condition": "minecraft:inverted",
            "term": {
              "condition": "minecraft:entity_scores",
              "entity": "this",
              "scores": {
                "uhcp_leave": {
                  "min": 1
                }
              }
            }
          },
          {
            "condition": "minecraft:entity_scores",
            "entity": "this",
            "scores": {
              "uhcp_aug_choosing": 1
            }
          }
        ]
      }
    }
  },
  "rewards": {
    "function": "uhcp:augments/validate"
  }
}