{
  "criteria": {
    "requirement": {
      "trigger": "minecraft:tick",
      "conditions": {
        "player": [
          {
            "condition": "minecraft:entity_properties",
            "entity": "this",
            "predicate": {
              "type_specific": {
                "type": "minecraft:player",
                "gamemode": [
                  "survival"
                ]
              }
            }
          },
          {
            "condition": "minecraft:entity_scores",
            "entity": "this",
            "scores": {
              "uhcp_aug_gloryOfRa": {
                "min": {
                  "type": "minecraft:score",
                  "target": {
                    "type": "minecraft:fixed",
                    "name": "%ra_stacks"
                  },
                  "score": "uhcp_settings",
                  "scale": 1
                },
                "max": 9999
              }
            }
          }
          ]
      }
    }
  },
  "rewards": {
    "function": "uhcp:augments/effects/prismatic/gloryofra/giveloot"
  }
}