{
  "criteria": {
    "requirement": {
      "trigger": "minecraft:location",
      "conditions": {
        "player": [
          {
            "condition": "minecraft:entity_properties",
            "entity": "this",
            "predicate": {
              "type_specific": {
                "type": "minecraft:player",
                "gamemode": [
                  "survival"
                ]
              }
            }
          },
          {
            "condition": "minecraft:entity_scores",
            "entity": "this",
            "scores": {
              "uhcp_health": {
                "min": 0,
                "max": 20
              },
              "uhcp_augment": 16
            }
          }
          ]
      }
    }
  },
  "rewards": {
    "function": "uhcp:augments/effects/gold/knifesedge"
  }
}