{
  "criteria": {
    "requirement": {
      "trigger": "minecraft:inventory_changed",
      "conditions": {
        "player": [
          {
            "condition": "minecraft:all_of",
            "terms": [
              {
                "condition": "minecraft:value_check",
                "value": {
                  "type": "minecraft:score",
                  "target": {
                    "type": "minecraft:fixed",
                    "name": "%time"
                  },
                  "score": "uhcp_game_time"
                },
                "range": {
                  "min": 0,
                  "max": 41999
                }
              },
              {
                "condition": "minecraft:inverted",
                "term": {
                  "condition": "minecraft:entity_scores",
                  "entity": "this",
                  "scores": {
                    "uhcp_leave": {
                      "min": 1
                    }
                  }
                }
              },
              {
                "condition": "minecraft:entity_scores",
                "entity": "this",
                "scores": {
                  "uhcp_augment": 50
                }
              },
              {
                "condition": "minecraft:entity_properties",
                "entity": "this",
                "predicate": {
                  "type_specific": {
                    "type": "minecraft:player",
                    "gamemode": [
                      "survival"
                    ]
                  }
                }
              },
              {
                "condition": "minecraft:any_of",
                "terms": [
                  {
                    "condition": "minecraft:entity_properties",
                    "entity": "this",
                    "predicate": {
                      "slots": {
                        "container.*": {
                          "items": "#uhcp:gold"
                        }
                      }
                    }
                  },
                  {
                    "condition": "minecraft:entity_properties",
                    "entity": "this",
                    "predicate": {
                      "slots": {
                        "weapon.offhand": {
                          "items": "#uhcp:gold"
                        }
                      }
                    }
                  }
                ]
              }
            ]
          }
        ]
      }
    }
  },
  "rewards": {
    "function": "uhcp:augments/effects/gold/plannedeconomy/defer"
  }
}