{
  "criteria": {
    "requirement": {
      "trigger": "minecraft:location",
      "conditions": {
        "player": [
          {
            "condition": "minecraft:entity_scores",
            "entity": "this",
            "scores": {
              "uhcp_augment": 36
            }
          },
          {
            "condition": "minecraft:entity_properties",
            "entity": "this",
            "predicate": {
              "nbt": "{AbsorptionAmount:0.0f}"
            }
          }
        ]
      }
    }
  },
  "rewards": {
    "function": "uhcp:augments/effects/gold/redstoneritual/reset"
  }
}