{
  "criteria": {
    "requirement": {
      "trigger": "minecraft:tick",
      "conditions": {
        "player": [
          {
            "condition": "minecraft:all_of",
            "terms": [
              {
                "condition": "minecraft:entity_properties",
                "entity": "this",
                "predicate": {
                  "nbt": "{Tags:[\"UHCP_IsPanda\"]}"
                }
              },
              {
                "condition": "minecraft:inverted",
                "term": {
                  "condition": "minecraft:entity_properties",
                  "entity": "this",
                  "predicate": {
                      "effects": {
                          "minecraft:absorption": {}
                        }
                  }
                }
              }
              ]
          }
          ]
      }
    }
  },
  "rewards": {
    "function": "uhcp:augments/effects/prismatic/kungfupanda/reset"
  }
}