{
  "criteria": {
    "requirement": {
      "trigger": "minecraft:inventory_changed",
      "conditions": {
        "player": [
          {
            "condition": "minecraft:all_of",
            "terms": [
              {
                "condition": "minecraft:entity_scores",
                "entity": "this",
                "scores": {
                  "uhcp_augment": 222
                }
              },
              {
                  "condition": "minecraft:inverted",
                  "term": {
                  "condition": "minecraft:entity_scores",
                  "entity": "this",
                  "scores": {
                      "uhcp_leave": {
                      "min": 1
                      }
                  }
                  }
              },
              {
                "condition": "minecraft:entity_properties",
                "entity": "this",
                "predicate": {
                  "type_specific": {
                    "type": "minecraft:player",
                    "gamemode": [
                      "survival"
                    ]
                  }
                }
              }
            ]
          }
        ]
      }
    }
  },
  "rewards": {
    "function": "uhcp:augments/effects/prismatic/sololeveling/inventory"
  }
}