{
  "criteria": {
    "requirement": {
      "trigger": "minecraft:location",
      "conditions": {
        "player": [
          {
            "condition": "minecraft:entity_scores",
            "entity": "this",
            "scores": {
              "uhcp_augment": 30
              }
            },
          {
            "condition": "minecraft:inverted",
            "term": {
              "condition": "minecraft:entity_properties",
              "entity": "this",
              "predicate": {
                "type_specific": {
                  "type": "minecraft:player",
                  "gamemode": [
                    "survival"
                  ]
                },
                "equipment": {
                  "feet": {
                    "items": "#uhcp:wearable"
                    }
                  }
                }
              }
            }
          ]
        }
      }
    },
  "rewards": {
    "function": "uhcp:augments/effects/gold/unburdened/effect"
    }
}