{
  "pools": [
    {
      "rolls": 1,
      "entries": [
        {
          "type": "minecraft:item",
          "name": "minecraft:leather_chestplate",
          "functions": [
            {
              "function": "minecraft:set_components",
              "components": {
                "minecraft:unbreakable": {},
                "minecraft:dyed_color": 7566195,
                "minecraft:trim": {
                  "material": "minecraft:quartz",
                  "pattern": "minecraft:rib"
                }
              }
            },
            {
              "function": "minecraft:toggle_tooltips",
              "toggles": {
                "minecraft:dyed_color": false,
                "minecraft:trim": false
              }
            },
            {
              "function": "minecraft:set_enchantments",
              "enchantments": {
                "minecraft:protection": 1,
                "minecraft:projectile_protection": 1
              }
            },
            {
              "function": "minecraft:set_attributes",
              "modifiers": [
                {
                  "id": "uhcp:bone_cage_armor",
                  "attribute": "minecraft:armor",
                  "amount": 8,
                  "operation": "add_value",
                  "slot": "chest"
                },
                {
                  "id": "uhcp:bone_cage_armor_toughness",
                  "attribute": "minecraft:armor_toughness",
                  "amount": 2,
                  "operation": "add_value",
                  "slot": "chest"
                }
              ]
            },
            {
              "function": "minecraft:set_lore",
              "lore": [
                {
                  "text": "------------------------",
                  "color": "blue"
                },
                [
                  {
                    "text": "ARMAMENT",
                    "color": "#bf7830",
                    "italic": false
                  },
                  {
                    "text": ": Armaments are pieces",
                    "color": "gray"
                  }
                ],
                {
                  "text": "of armor with special effects.",
                  "color": "gray",
                  "italic": false
                },
                {
                  "text": ""
                },
                [
                  {
                    "text": "EFFECT:",
                    "color": "#e61c69",
                    "italic": false
                  },
                  {
                    "text": " Drop",
                    "color": "gray"
                  },
                  {
                    "text": " Bones",
                    "color": "blue"
                  },
                  {
                    "text": " when you are hurt. ",
                    "color": "gray"
                  }
                ],
                [
                  {
                    "text": "Picking up",
                    "color": "gray",
                    "italic": false
                  },
                  {
                    "text": " Bones",
                    "color": "blue"
                  },
                  {
                    "text": " grants"
                  },
                  {
                    "text": " Resistance I",
                    "color": "yellow"
                  }
                ],
                {
                  "text": "for 3 seconds.",
                  "color": "gray",
                  "italic": false
                }
              ],
              "mode": "replace_all"
            },
            {
              "function": "minecraft:set_name",
              "target": "item_name",
              "name": [
                {
                  "text": "Bo",
                  "color": "#ab5b1a",
                  "bold": true
                },
                {
                  "text": "ne",
                  "color": "#cf8817"
                },
                {
                  "text": " Ca",
                  "color": "#debb10"
                },
                {
                  "text": "ge",
                  "color": "#e8d20c"
                },
                {
                  "text": " 𝔸",
                  "color": "white",
                  "bold": false
                }
              ]
            },
            {
              "function": "minecraft:set_custom_data",
              "tag": "{uhcp_armaments:0b}"
            }
          ]
        }
      ]
    }
  ]
}