{
  "condition": "minecraft:any_of",
  "terms": [
    {
      "condition": "minecraft:entity_properties",
      "entity": "this",
      "predicate": {
        "equipment": {
          "mainhand": {
            "items": "minecraft:compass",
            "predicates": {
              "minecraft:custom_data": {
                "uhcp_player": true
              }
            }
          }
        }
      }
    },
    {
      "condition": "minecraft:entity_properties",
      "entity": "this",
      "predicate": {
        "equipment": {
          "offhand": {
            "items": "minecraft:compass",
            "predicates": {
              "minecraft:custom_data": {
                "uhcp_player": true
              }
            }
          }
        }
      }
    }
  ]
}