{
  "pools": [
    {
      "rolls": 1,
      "entries": [
        {
          "type": "minecraft:item",
          "name": "minecraft:firework_star",
          "functions": [
            {
              "function": "minecraft:set_count",
              "count": 1
            },
            {
              "function": "minecraft:set_components",
              "components": {
                "minecraft:enchantments": {
                  "minecraft:vanishing_curse": 1
                },
                "minecraft:consumable": {
                  "consume_seconds": 2147483647,
                  "animation": "none",
                  "has_consume_particles": false
                },
                "minecraft:max_stack_size": 1,
                "minecraft:max_damage": 1200,
                "minecraft:damage": 0,
                "minecraft:repair_cost": 2147483647,
                "!minecraft:repairable": {}
              }
            },
            {
              "function": "minecraft:toggle_tooltips",
              "toggles": {
                "minecraft:enchantments": false
              }
            },
            {
              "function": "minecraft:set_custom_data",
              "tag": "{uhcp_rightclick:true,uhcp_relic:true,uhcp_relic_id:6b}"
            },
            {
              "function": "minecraft:set_name",
              "target": "item_name",
              "name": [
                {
                  "text": "Sm",
                  "color": "#0800FF",
                  "bold": true
                },
                {
                  "text": "oo",
                  "color": "#2B64FF"
                },
                {
                  "text": "th",
                  "color": "#428EFF"
                },
                {
                  "text": " Ge",
                  "color": "#54B5FF"
                },
                {
                  "text": "ta",
                  "color": "#54C0FF"
                },
                {
                  "text": "way",
                  "color": "#4FE8FF"
                },
                {
                  "text": " ℝ",
                  "color": "white",
                  "bold": false
                }
              ]
            },
            {
              "function": "minecraft:set_lore",
              "lore": [
                {
                  "text": "------------------------",
                  "color": "blue"
                },
                [
                  {
                    "text": "RELIC",
                    "color": "gold",
                    "italic": false
                  },
                  {
                    "text": ": Relics charge up in inventory.",
                    "color": "gray",
                    "italic": false
                  }
                ],
                [
                  {
                    "text": "Right click",
                    "color": "#9EE8FF",
                    "italic": false
                  },
                  {
                    "text": " at max charge to activate",
                    "color": "gray",
                    "italic": false
                  }
                ],
                [
                  {
                    "text": "a Relic's",
                    "color": "gray",
                    "italic": false
                  },
                  {
                    "text": " ABILITY",
                    "color": "blue",
                    "italic": false
                  },
                  {
                    "text": ". Using an",
                    "color": "gray",
                    "italic": false
                  },
                  {
                    "text": " ABILITY",
                    "color": "blue",
                    "italic": false
                  }
                ],
                {
                  "text": "resets the Relic's charge.",
                  "color": "gray",
                  "italic": false
                },
                {
                  "text": " "
                },
                [
                  {
                    "text": "ABILITY",
                    "color": "blue",
                    "italic": false
                  },
                  {
                    "text": ": Gain",
                    "color": "gray",
                    "italic": false
                  },
                  {
                    "text": " Invisibility",
                    "color": "yellow"
                  },
                  {
                    "text": " for 10 seconds",
                    "color": "gray"
                  }
                ],
                [
                  {
                    "text": "and spawn 2",
                    "color": "gray",
                    "italic": false
                  },
                  {
                    "text": " Mirages",
                    "color": "blue"
                  },
                  {
                    "text": " of yourself.",
                    "color": "gray"
                  },
                  {
                    "text": " Mirages",
                    "color": "blue"
                  }
                ],
                [
                  {
                    "text": "fight for you for 10 seconds.",
                    "color": "gray",
                    "italic": false
                  }
                ],
                {
                  "text": ""
                },
                [
                  {
                    "text": "(While",
                    "color": "dark_gray",
                    "italic": true
                  },
                  {
                    "text": " Invisible",
                    "color": "yellow"
                  },
                  {
                    "text": ", your armor and offhand"
                  }
                ],
                [
                  {
                    "text": "are temporarily unequipped.)",
                    "color": "dark_gray"
                  }
                ]
              ],
              "mode": "replace_all"
            }
          ]
        }
      ]
    }
  ]
}