{
  "pools": [
    {
      "rolls": 1,
      "entries": [
        {
          "type": "minecraft:item",
          "name": "minecraft:raiser_armor_trim_smithing_template",
          "functions": [
            {
              "function": "minecraft:set_count",
              "count": 1
            },
            {
              "function": "minecraft:set_components",
              "components": {
                "minecraft:max_stack_size": 1,
                "minecraft:max_damage": 1400,
                "minecraft:damage": 0,
                "minecraft:repair_cost": 2147483647,
                "!minecraft:repairable": {},
                "minecraft:consumable": {
                  "consume_seconds": 2147483647,
                  "animation": "none",
                  "has_consume_particles": false
                },
                "minecraft:enchantment_glint_override": true
              }
            },
            {
              "function": "minecraft:toggle_tooltips",
              "toggles": {}
            },
            {
              "function": "minecraft:set_custom_data",
              "tag": "{uhcp_rightclick:true,uhcp_relic:true,uhcp_relic_id:1b}"
            },
            {
              "function": "minecraft:set_name",
              "target": "item_name",
              "name": [
                {
                  "text": "So",
                  "color": "#0800FF",
                  "bold": true
                },
                {
                  "text": "ul",
                  "color": "#2B64FF"
                },
                {
                  "text": "fl",
                  "color": "#428EFF"
                },
                {
                  "text": "am",
                  "color": "#54B5FF"
                },
                {
                  "text": "e's E",
                  "color": "#54C0FF"
                },
                {
                  "text": "mbr",
                  "color": "#4FE8FF"
                },
                {
                  "text": "ace",
                  "color": "#00FFFF"
                },
                {
                  "text": " ℝ",
                  "color": "white",
                  "bold": false
                }
              ]
            },
            {
              "function": "minecraft:set_lore",
              "lore": [
                {
                  "text": "------------------------",
                  "color": "blue"
                },
                [
                  {
                    "text": "RELIC",
                    "color": "gold",
                    "italic": false
                  },
                  {
                    "text": ": Relics charge up in inventory.",
                    "color": "gray",
                    "italic": false
                  }
                ],
                [
                  {
                    "text": "Right click",
                    "color": "#9EE8FF",
                    "italic": false
                  },
                  {
                    "text": " at max charge to activate",
                    "color": "gray",
                    "italic": false
                  }
                ],
                [
                  {
                    "text": "a Relic's",
                    "color": "gray",
                    "italic": false
                  },
                  {
                    "text": " ABILITY",
                    "color": "blue",
                    "italic": false
                  },
                  {
                    "text": ". Using an",
                    "color": "gray",
                    "italic": false
                  },
                  {
                    "text": " ABILITY",
                    "color": "blue",
                    "italic": false
                  }
                ],
                {
                  "text": "resets the Relic's charge.",
                  "color": "gray",
                  "italic": false
                },
                {
                  "text": " "
                },
                [
                  {
                    "text": "ABILITY",
                    "color": "blue",
                    "italic": false
                  },
                  {
                    "text": ": Your next attack summons a",
                    "color": "gray"
                  }
                ],
                [
                  {
                    "text": "circle of flames beneath your target,",
                    "color": "gray",
                    "italic": false
                  }
                ],
                [
                  {
                    "text": "which deal",
                    "color": "gray",
                    "italic": false
                  },
                  {
                    "text": " 4🖤",
                    "color": "red"
                  },
                  {
                    "text": " over 5 seconds."
                  }
                ]
              ],
              "mode": "replace_all"
            }
          ]
        }
      ]
    }
  ]
}