{
  "criteria": {
    "requirement": {
      "trigger": "minecraft:inventory_changed",
      "conditions": {
        "player": [
          {
            "condition": "minecraft:inverted",
            "term": {
              "condition": "minecraft:any_of",
              "terms": [
                {
                  "condition": "minecraft:entity_scores",
                  "entity": "this",
                  "scores": {
                    "uhcp_leave": {
                      "min": 1
                    }
                  }
                },
                {
                  "condition": "minecraft:entity_properties",
                  "entity": "this",
                  "predicate": {
                    "type_specific": {
                      "type": "minecraft:player",
                      "gamemode": [
                        "creative",
                        "spectator"
                      ]
                    }
                  }
                },
                {
                  "condition": "minecraft:value_check",
                  "value": {
                    "type": "minecraft:score",
                    "target": {
                      "type": "minecraft:fixed",
                      "name": "%game"
                    },
                    "score": "uhcp_initStatus"
                  },
                  "range": 1
                }
              ]
            }
          }
        ]
      }
    }
  },
  "rewards": {
    "function": "uhcp:lobby/menu"
  }
}