{
  "type": "minecraft:block",
  "pools": [
    {
      "bonus_rolls": 0.0,
      "conditions": [
        {
          "condition": "minecraft:survives_explosion"
        }
      ],
      "entries": [
        {
          "type": "minecraft:alternatives",
          "children": [
            {
              "type": "minecraft:item",
              "conditions": [
                {
                  "condition": "minecraft:any_of",
                  "terms": [
                    {
                      "condition": "minecraft:match_tool",
                      "predicate": {
                        "items": "minecraft:shears"
                      }
                    },
                    {
                      "condition": "minecraft:match_tool",
                      "predicate": {
                        "predicates": {
                          "minecraft:enchantments": [
                            {
                              "enchantments": "minecraft:silk_touch",
                              "levels": {
                                "min": 1
                              }
                            }
                          ]
                        }
                      }
                    },
                    {
                      "condition": "minecraft:inverted",
                      "term": {
                        "condition": "minecraft:value_check",
                        "value": {
                          "type": "minecraft:score",
                          "target": {
                            "type": "minecraft:fixed",
                            "name": "%auto_cook"
                          },
                          "score": "uhcp_settings"
                        },
                        "range": 1
                      }
                    }
                  ]
                }
              ],
              "name": "minecraft:kelp"
            },
            {
              "type": "minecraft:item",
              "name": "minecraft:dried_kelp"
            }
          ]
        }
      ],
      "rolls": 1.0
    }
  ],
  "random_sequence": "minecraft:blocks/kelp_plant"
}