{
  "type": "minecraft:block",
  "functions": [
    {
      "function": "minecraft:explosion_decay"
    }
  ],
  "pools": [
    {
      "bonus_rolls": 0.0,
      "entries": [
        {
          "type": "minecraft:alternatives",
          "children": [
            {
              "type": "minecraft:item",
              "conditions": [
                {
                  "condition": "minecraft:any_of",
                  "terms": [
                    {
                      "condition": "minecraft:match_tool",
                      "predicate": {
                        "items": "#minecraft:hoes"
                      }
                    },
                    {
                      "condition": "minecraft:match_tool",
                      "predicate": {
                        "predicates": {
                          "minecraft:enchantments": [
                            {
                              "enchantments": "minecraft:silk_touch",
                              "levels": {
                                "min": 1
                              }
                            }
                          ]
                        }
                      }
                    },
                    {
                      "condition": "minecraft:inverted",
                      "term": {
                        "condition": "minecraft:value_check",
                        "value": {
                          "type": "minecraft:score",
                          "target": {
                            "type": "minecraft:fixed",
                            "name": "%auto_cook"
                          },
                          "score": "uhcp_settings"
                        },
                        "range": 1
                      }
                    }
                  ]
                }
              ],
              "name": "minecraft:potato"
            },
            {
              "type": "minecraft:item",
              "name": "minecraft:baked_potato"
            }
          ]
        }
      ],
      "rolls": 1.0
    },
    {
      "bonus_rolls": 0.0,
      "conditions": [
        {
          "block": "minecraft:potatoes",
          "condition": "minecraft:block_state_property",
          "properties": {
            "age": "7"
          }
        }
      ],
      "entries": [
        {
          "type": "minecraft:alternatives",
          "children": [
            {
              "type": "minecraft:item",
              "functions": [
                {
                  "enchantment": "minecraft:fortune",
                  "formula": "minecraft:binomial_with_bonus_count",
                  "function": "minecraft:apply_bonus",
                  "parameters": {
                    "extra": 3,
                    "probability": 0.5714286
                  }
                }
              ],
              "conditions": [
                {
                  "condition": "minecraft:any_of",
                  "terms": [
                    {
                      "condition": "minecraft:match_tool",
                      "predicate": {
                        "items": "#minecraft:hoes"
                      }
                    },
                    {
                      "condition": "minecraft:match_tool",
                      "predicate": {
                        "predicates": {
                          "minecraft:enchantments": [
                            {
                              "enchantments": "minecraft:silk_touch",
                              "levels": {
                                "min": 1
                              }
                            }
                          ]
                        }
                      }
                    },
                    {
                      "condition": "minecraft:inverted",
                      "term": {
                        "condition": "minecraft:value_check",
                        "value": {
                          "type": "minecraft:score",
                          "target": {
                            "type": "minecraft:fixed",
                            "name": "%auto_cook"
                          },
                          "score": "uhcp_settings"
                        },
                        "range": 1
                      }
                    }
                  ]
                }
              ],
              "name": "minecraft:potato"
            },
            {
              "type": "minecraft:item",
              "functions": [
                {
                  "enchantment": "minecraft:fortune",
                  "formula": "minecraft:binomial_with_bonus_count",
                  "function": "minecraft:apply_bonus",
                  "parameters": {
                    "extra": 3,
                    "probability": 0.5714286
                  }
                }
              ],
              "name": "minecraft:baked_potato"
            }
          ]
        }
      ],
      "rolls": 1.0
    },
    {
      "bonus_rolls": 0.0,
      "conditions": [
        {
          "block": "minecraft:potatoes",
          "condition": "minecraft:block_state_property",
          "properties": {
            "age": "7"
          }
        }
      ],
      "entries": [
        {
          "type": "minecraft:item",
          "conditions": [
            {
              "chance": 0.02,
              "condition": "minecraft:random_chance"
            }
          ],
          "name": "minecraft:poisonous_potato"
        }
      ],
      "rolls": 1.0
    }
  ],
  "random_sequence": "minecraft:blocks/potatoes"
}