{
  "criteria": {
    "requirement": {
      "trigger": "minecraft:inventory_changed",
      "conditions": {
        "player": [
          {
            "condition": "minecraft:inverted",
            "term": {
              "condition": "minecraft:any_of",
              "terms": [
                {
                  "condition": "minecraft:entity_scores",
                  "entity": "this",
                  "scores": {
                    "uhcp_leave": {
                      "min": 1
                    }
                  }
                },
                {
                  "condition": "minecraft:entity_scores",
                  "entity": "this",
                  "scores": {
                    "uhcp_aug_tier": 1
                  }
                }
              ]
            }
          },
          {
            "condition": "minecraft:entity_scores",
            "entity": "this",
            "scores": {
              "uhcp_augment": 25
            }
          },
          {
            "condition": "minecraft:entity_properties",
            "entity": "this",
            "predicate": {
              "type_specific": {
                "type": "minecraft:player",
                "gamemode": [
                  "survival"
                ]
              }
            }
          }
        ]
      }
    }
  },
  "rewards": {
    "function": "uhcp:augments/effects/gold/scavengerhunt/items/check"
  }
}