{
  "criteria": {
    "requirement": {
      "trigger": "minecraft:inventory_changed",
      "conditions": {
        "player": [
          {
            "condition": "minecraft:entity_properties",
            "entity": "this",
            "predicate": {
              "type_specific": {
                "type": "minecraft:player",
                "gamemode": [
                  "survival"
                ]
              }
            }
          },
          {
            "condition": "minecraft:inverted",
            "term": {
              "condition": "minecraft:entity_scores",
              "entity": "this",
              "scores": {
                "uhcp_leave": {
                  "min": 1
                }
              }
            }
          },
          {
            "condition": "minecraft:any_of",
            "terms": [
              {
                "condition": "minecraft:entity_properties",
                "entity": "this",
                "predicate": {
                  "slots": {
                    "container.*": {
                      "items": "minecraft:bone",
                      "predicates": {
                        "minecraft:custom_data": {
                          "uhcp_bonecage": true
                        }
                      }
                    },
                    "armor.chest": {
                      "items": "minecraft:leather_chestplate",
                      "predicates": {
                        "minecraft:custom_data": "{uhcp_armaments:0b}"
                      }
                    }
                  }
                }
              },
              {
                "condition": "minecraft:entity_properties",
                "entity": "this",
                "predicate": {
                  "slots": {
                    "weapon.offhand": {
                      "items": "minecraft:bone",
                      "predicates": {
                        "minecraft:custom_data": {
                          "uhcp_bonecage": true
                        }
                      }
                    },
                    "armor.chest": {
                      "items": "minecraft:leather_chestplate",
                      "predicates": {
                        "minecraft:custom_data": "{uhcp_armaments:0b}"
                      }
                    }
                  }
                }
              }
            ]
          }
        ]
      }
    }
  },
  "rewards": {
    "function": "uhcp:armaments/bone_cage/pickup_bone"
  }
}