{
  "pools": [
    {
      "rolls": 1,
      "entries": [
        {
          "type": "minecraft:item",
          "weight": 10,
          "name": "minecraft:golden_apple",
          "functions": [
            {
              "function": "minecraft:set_count",
              "count": 4
            }
          ]
        },
        {
          "type": "minecraft:loot_table",
          "weight": 4,
          "value": "uhcp:consumables/relic_invoker",
          "functions": [
            {
              "function": "minecraft:set_count",
              "count": 1
            }
          ]
        },
        {
          "type": "minecraft:alternatives",
          "children": [
            {
              "type": "minecraft:group",
              "children": [
                {
                  "type": "minecraft:item",
                  "name": "minecraft:enchanted_book",
                  "weight": 3,
                  "functions": [
                    {
                      "function": "minecraft:set_components",
                      "components": {
                        "minecraft:stored_enchantments": {
                          "minecraft:thorns": 2
                        }
                      }
                    }
                  ]
                },
                {
                  "type": "minecraft:item",
                  "name": "minecraft:enchanted_book",
                  "weight": 3,
                  "functions": [
                    {
                      "function": "minecraft:set_components",
                      "components": {
                        "minecraft:stored_enchantments": {
                          "minecraft:fortune": 2
                        }
                      }
                    }
                  ]
                }
              ],
              "conditions": [
                {
                  "condition": "minecraft:value_check",
                  "value": {
                    "type": "minecraft:score",
                    "target": {
                      "type": "minecraft:fixed",
                      "name": "%enchant_reduce"
                    },
                    "score": "uhcp_settings"
                  },
                  "range": 1
                }
              ]
            },
            {
              "type": "minecraft:group",
              "children": [
                {
                  "type": "minecraft:item",
                  "name": "minecraft:enchanted_book",
                  "weight": 3,
                  "functions": [
                    {
                      "function": "minecraft:set_components",
                      "components": {
                        "minecraft:stored_enchantments": {
                          "minecraft:protection": 2
                        }
                      }
                    }
                  ]
                },
                {
                  "type": "minecraft:item",
                  "name": "minecraft:enchanted_book",
                  "weight": 3,
                  "functions": [
                    {
                      "function": "minecraft:set_components",
                      "components": {
                        "minecraft:stored_enchantments": {
                          "minecraft:sharpness": 2
                        }
                      }
                    }
                  ]
                }
              ]
            }
          ]
        },
        {
          "type": "minecraft:item",
          "weight": 20,
          "name": "minecraft:enchanted_book",
          "functions": [
            {
              "function": "minecraft:set_count",
              "count": 1
            },
            {
							"function": "minecraft:set_components",
							"components": {
								"minecraft:stored_enchantments": {
									"minecraft:protection": 1
								}
							}
						}
          ]
        },
        {
          "type": "minecraft:item",
          "weight": 20,
          "name": "minecraft:enchanted_book",
          "functions": [
            {
              "function": "minecraft:set_count",
              "count": 1
            },
            {
							"function": "minecraft:set_components",
							"components": {
								"minecraft:stored_enchantments": {
									"minecraft:sharpness": 1
								}
							}
						}
          ]
        },
        {
          "type": "minecraft:item",
          "weight": 20,
          "name": "minecraft:diamond",
          "functions": [
            {
              "function": "minecraft:set_count",
              "count": 12
            }
          ]
        },
        {
          "type": "minecraft:item",
          "weight": 10,
          "name": "minecraft:golden_apple",
          "functions": [
            {
              "function": "minecraft:set_count",
              "count": 3
            }
          ]
        },
        {
          "type": "minecraft:item",
          "weight": 10,
          "name": "minecraft:golden_apple",
          "functions": [
            {
              "function": "minecraft:set_count",
              "count": 2
            }
          ]
        }
      ]
    }
  ]
}