{
  "pools": [
    {
      "rolls": 1,
      "entries": [
        {
          "type": "minecraft:item",
          "name": "minecraft:netherrack",
          "weight": 1,
          "functions": [
            {
              "function": "minecraft:set_count",
              "count": 1
            },
            {
              "function": "minecraft:set_custom_data",
              "tag": "{uhcp_augSelect:1b,augment:214s}"
            },
            {
              "function": "minecraft:set_name",
              "target": "item_name",
              "name": [
                {
                  "text": "Netherborn",
                  "color": "aqua",
                  "bold": true
                }
              ]
            },
            {
              "function": "minecraft:set_lore",
              "lore": [
                {
                  "text": "------------------------",
                  "color": "blue"
                },
                [
                  {
                    "text": "Start in the Nether this game.",
                    "color": "dark_red",
                    "bold": true
                  }
                ],
                {
                  "text": ""
                },
                [
                  {
                    "text": "Start with permanent ",
                    "color": "gray"
                  },
                  {
                    "text": "Fire Resistance",
                    "color": "yellow"
                  },
                  {
                    "text": ",",
                    "color": "gray"
                  }
                ],
                [
                  {
                    "text": "Diamond Equipment",
                    "color": "white"
                  },
                  {
                    "text": ", and essentials.",
                    "color": "gray"
                  }
                ],
                [
                  {
                    "text": "After 20 minutes, gain the materials",
                    "color": "gray"
                  }
                ],
                [
                  {
                    "text": "needed to craft an",
                    "color": "gray"
                  },
                  {
                    "text": " exit portal",
                    "color": "red"
                  },
                  {
                    "text": ".",
                    "color": "gray"
                  }
                ]
              ],
              "mode": "replace_all"
            }
          ],
          "conditions": [
            {
              "condition": "minecraft:inverted",
              "term": {
                "condition": "minecraft:entity_properties",
                "entity": "this",
                "predicate": {
                  "slots": {
                    "container.*": {
                      "predicates": {
                        "minecraft:custom_data": "{augment:214s}"
                      }
                    }
                  }
                }
              }
            }
          ]
        },
        {
          "type": "minecraft:item",
          "name": "minecraft:player_head",
          "weight": 1,
          "functions": [
            {
              "function": "minecraft:set_components",
              "components": {
                "!minecraft:equippable": {},
                "minecraft:profile": {
                  "id": [
                    -1541302639,
                    -930658925,
                    -1787182896,
                    -675660183
                  ],
                  "properties": [
                    {
                      "name": "textures",
                      "value": "eyJ0ZXh0dXJlcyI6eyJTS0lOIjp7InVybCI6Imh0dHA6Ly90ZXh0dXJlcy5taW5lY3JhZnQubmV0L3RleHR1cmUvZTVjMDM1OGZiNjRlYWFjNmRiNjlhODU3Zjg5ODdiNTE5N2ZjZWE3MjYwOWMwNjBhODYyOGRhOTIyNjZmZDU5MiJ9fX0="
                    }
                  ]
                }
              }
            },
            {
              "function": "minecraft:set_count",
              "count": 1
            },
            {
              "function": "minecraft:set_custom_data",
              "tag": "{uhcp_augSelect:1b,augment:220s}"
            },
            {
              "function": "minecraft:set_name",
              "target": "item_name",
              "name": [
                {
                  "text": "Cybernetic Download",
                  "color": "aqua",
                  "bold": true
                }
              ]
            },
            {
              "function": "minecraft:set_lore",
              "lore": [
                {
                  "text": "------------------------",
                  "color": "blue"
                },
                [
                  {
                    "text": "Equip a ",
                    "color": "gray"
                  },
                  {
                    "text": "Hard Drive",
                    "color": "white"
                  },
                  {
                    "text": " (a",
                    "color": "gray"
                  },
                  {
                    "text": " Diamond Chestplate",
                    "color": "white"
                  },
                  {
                    "text": ").",
                    "color": "gray"
                  }
                ],
                [
                  {
                    "text": "Download",
                    "color": "light_purple"
                  },
                  {
                    "text": " an Upgrade at the start of the game",
                    "color": "gray"
                  }
                ],
                [
                  {
                    "text": "and whenever you finish an Upgrade.",
                    "color": "gray"
                  }
                ],
                {
                  "text": ""
                },
                [
                  {
                    "text": "Download:",
                    "color": "light_purple"
                  },
                  {
                    "text": " Choose 1 of 3 Upgrades, which",
                    "color": "gray"
                  }
                ],
                {
                  "text": "each take a set amount of time to complete.",
                  "color": "gray"
                },
                [
                  {
                    "text": "Upgrades offer bonuses to your",
                    "color": "gray"
                  },
                  {
                    "text": " Hard Drive",
                    "color": "white"
                  },
                  {
                    "text": ".",
                    "color": "gray"
                  }
                ]
              ],
              "mode": "replace_all"
            }
          ],
          "conditions": [
            {
              "condition": "minecraft:inverted",
              "term": {
                "condition": "minecraft:entity_properties",
                "entity": "this",
                "predicate": {
                  "slots": {
                    "container.*": {
                      "predicates": {
                        "minecraft:custom_data": "{augment:220s}"
                      }
                    }
                  }
                }
              }
            }
          ]
        },
        {
          "type": "minecraft:item",
          "name": "minecraft:feather",
          "weight": 1,
          "functions": [
            {
              "function": "minecraft:set_count",
              "count": 1
            },
            {
              "function": "minecraft:set_custom_data",
              "tag": "{uhcp_augSelect:1b,augment:230s}"
            },
            {
              "function": "minecraft:set_name",
              "target": "item_name",
              "name": [
                {
                  "text": "Featherstorm",
                  "color": "aqua",
                  "bold": true
                }
              ]
            },
            {
              "function": "minecraft:set_lore",
              "lore": [
                {
                  "text": "------------------------",
                  "color": "blue"
                },
                [
                  {
                    "text": "Gain 3",
                    "color": "gray"
                  },
                  {
                    "text": " Wild Feathers",
                    "color": "white"
                  },
                  {
                    "text": " and an additional every 5 minutes.",
                    "color": "gray"
                  }
                ],
                [
                  {
                    "text": ". When you use a",
                    "color": "gray"
                  },
                  {
                    "text": "Wild Feather",
                    "color": "white"
                  },
                  {
                    "text": ",",
                    "color": "gray"
                  },
                  {
                    "text": " Lightning",
                    "color": "blue"
                  },
                  {
                    "text": " strikes your ",
                    "color": "gray"
                  }
                ],
                [
                  {
                    "text": "original location.",
                    "color": "gray"
                  }
                ]
              ],
              "mode": "replace_all"
            }
          ],
          "conditions": [
            {
              "condition": "minecraft:entity_scores",
              "entity": "this",
              "scores": {
                "uhcp_team": {
                  "min": 1,
                  "max": 14
                }
              }
            },
            {
              "condition": "minecraft:inverted",
              "term": {
                "condition": "minecraft:entity_properties",
                "entity": "this",
                "predicate": {
                  "slots": {
                    "container.*": {
                      "predicates": {
                        "minecraft:custom_data": "{augment:230s}"
                      }
                    }
                  }
                }
              }
            }
          ]
        },
        {
          "type": "minecraft:item",
          "name": "minecraft:campfire",
          "weight": 1,
          "functions": [
            {
              "function": "minecraft:set_count",
              "count": 1
            },
            {
              "function": "minecraft:set_custom_data",
              "tag": "{uhcp_augSelect:1b,augment:231s}"
            },
            {
              "function": "minecraft:set_name",
              "target": "item_name",
              "name": [
                {
                  "text": "Trailblazer",
                  "color": "aqua",
                  "bold": true
                }
              ]
            },
            {
              "function": "minecraft:set_lore",
              "lore": [
                {
                  "text": "------------------------",
                  "color": "blue"
                },
                [
                  {
                    "text": "Leave a trail of fire behind you.",
                    "color": "gray"
                  }
                ],
                [
                  {
                    "text": "Start with permanent ",
                    "color": "gray"
                  },
                  {
                    "text": "Fire Resistance",
                    "color": "yellow"
                  }
                ],
                [
                  {
                    "text": "and ",
                    "color": "gray"
                  },
                  {
                    "text": "Speed",
                    "color": "yellow"
                  },
                  {
                    "text": "."
                  }
                ]
              ],
              "mode": "replace_all"
            }
          ],
          "conditions": [
            {
              "condition": "minecraft:inverted",
              "term": {
                "condition": "minecraft:entity_properties",
                "entity": "this",
                "predicate": {
                  "slots": {
                    "container.*": {
                      "predicates": {
                        "minecraft:custom_data": "{augment:231s}"
                      }
                    }
                  }
                }
              }
            }
          ]
        },
        {
          "type": "minecraft:item",
          "name": "minecraft:netherite_upgrade_smithing_template",
          "weight": 1,
          "functions": [
            {
              "function": "minecraft:set_count",
              "count": 1
            },
            {
              "function": "minecraft:toggle_tooltips",
              "toggles": {}
            },
            {
              "function": "minecraft:set_custom_data",
              "tag": "{uhcp_augSelect:1b,augment:222s}"
            },
            {
              "function": "minecraft:set_name",
              "target": "item_name",
              "name": [
                {
                  "text": "Solo Leveling",
                  "color": "aqua",
                  "bold": true
                }
              ]
            },
            {
              "function": "minecraft:set_lore",
              "lore": [
                {
                  "text": "------------------------",
                  "color": "blue"
                },
                [
                  {
                    "text": "Gain ",
                    "color": "gray"
                  },
                  {
                    "text": "full Wooden tools, a Wooden Sword, a Bow,",
                    "color": "white"
                  }
                ],
                [
                  {
                    "text": "and full Leather Armor, ",
                    "color": "white"
                  },
                  {
                    "text": "all of which have",
                    "color": "gray"
                  }
                ],
                [
                  {
                    "text": "Unbreaking III / Mending",
                    "color": "dark_purple"
                  },
                  {
                    "text": ".",
                    "color": "gray"
                  }
                ],
                {
                  "text": ""
                },
                [
                  {
                    "text": "You cannot upgrade or pick up",
                    "color": "gray"
                  },
                  {
                    "text": " Weapons, Armor, and Tools",
                    "color": "white"
                  }
                ],
                {
                  "text": "this game. Instead, they upgrade as you progress in",
                  "color": "gray"
                },
                {
                  "text": "experience levels.",
                  "color": "gray"
                }
              ],
              "mode": "replace_all"
            }
          ],
          "conditions": [
            {
              "condition": "minecraft:inverted",
              "term": {
                "condition": "minecraft:entity_properties",
                "entity": "this",
                "predicate": {
                  "slots": {
                    "container.*": {
                      "predicates": {
                        "minecraft:custom_data": "{augment:222s}"
                      }
                    }
                  }
                }
              }
            }
          ]
        },
        {
          "type": "minecraft:item",
          "name": "minecraft:apple",
          "weight": 1,
          "functions": [
            {
              "function": "minecraft:set_count",
              "count": 1
            },
            {
              "function": "minecraft:set_components",
              "components": {
                "!minecraft:consumable": {},
                "!minecraft:food": {}
              }
            },
            {
              "function": "minecraft:set_custom_data",
              "tag": "{uhcp_augSelect:1b,augment:223s}"
            },
            {
              "function": "minecraft:set_name",
              "target": "item_name",
              "name": [
                {
                  "text": "Goldenless Apples",
                  "color": "aqua",
                  "bold": true
                }
              ]
            },
            {
              "function": "minecraft:set_lore",
              "lore": [
                {
                  "text": "------------------------",
                  "color": "blue"
                },
                [
                  {
                    "text": "Golden Apples ",
                    "color": "light_purple"
                  },
                  {
                    "text": "give you ",
                    "color": "gray"
                  },
                  {
                    "text": "Strength",
                    "color": "yellow"
                  }
                ],
                [
                  {
                    "text": "and ",
                    "color": "gray"
                  },
                  {
                    "text": "Speed",
                    "color": "yellow"
                  },
                  {
                    "text": " for 30 seconds, but heal"
                  }
                ],
                [
                  {
                    "text": "for half their original amount",
                    "color": "red"
                  },
                  {
                    "text": ".",
                    "color": "gray"
                  }
                ]
              ],
              "mode": "replace_all"
            }
          ],
          "conditions": [
            {
              "condition": "minecraft:inverted",
              "term": {
                "condition": "minecraft:entity_properties",
                "entity": "this",
                "predicate": {
                  "slots": {
                    "container.*": {
                      "predicates": {
                        "minecraft:custom_data": "{augment:223s}"
                      }
                    }
                  }
                }
              }
            }
          ]
        },
        {
          "type": "minecraft:item",
          "name": "minecraft:enchanted_golden_apple",
          "weight": 1,
          "functions": [
            {
              "function": "minecraft:set_count",
              "count": 1
            },
            {
              "function": "minecraft:set_components",
              "components": {
                "!minecraft:consumable": {},
                "!minecraft:food": {}
              }
            },
            {
              "function": "minecraft:set_custom_data",
              "tag": "{uhcp_augSelect:1b,augment:209s}"
            },
            {
              "function": "minecraft:set_name",
              "target": "item_name",
              "name": [
                {
                  "text": "Golden-er Apples",
                  "color": "aqua",
                  "bold": true
                }
              ]
            },
            {
              "function": "minecraft:set_lore",
              "lore": [
                {
                  "text": "------------------------",
                  "color": "blue"
                },
                [
                  {
                    "text": "Golden Apples",
                    "color": "white"
                  },
                  {
                    "text": " heal for",
                    "color": "gray"
                  },
                  {
                    "text": " 4🖤",
                    "color": "red"
                  }
                ],
                [
                  {
                    "text": "instead of",
                    "color": "gray"
                  },
                  {
                    "text": " 2🖤",
                    "color": "red"
                  },
                  {
                    "text": ".",
                    "color": "gray"
                  }
                ]
              ],
              "mode": "replace_all"
            }
          ],
          "conditions": [
            {
              "condition": "minecraft:inverted",
              "term": {
                "condition": "minecraft:entity_properties",
                "entity": "this",
                "predicate": {
                  "slots": {
                    "container.*": {
                      "predicates": {
                        "minecraft:custom_data": "{augment:209s}"
                      }
                    }
                  }
                }
              }
            }
          ]
        },
        {
          "type": "minecraft:item",
          "name": "minecraft:grass_block",
          "weight": 1,
          "functions": [
            {
              "function": "minecraft:set_count",
              "count": 1
            },
            {
              "function": "minecraft:set_custom_data",
              "tag": "{uhcp_augSelect:1b,augment:225s}"
            },
            {
              "function": "minecraft:set_name",
              "target": "item_name",
              "name": [
                {
                  "text": "Surface Duty",
                  "color": "aqua",
                  "bold": true
                }
              ]
            },
            {
              "function": "minecraft:set_lore",
              "lore": [
                {
                  "text": "------------------------",
                  "color": "blue"
                },
                [
                  {
                    "text": "Start with permanent ",
                    "color": "gray"
                  },
                  {
                    "text": "Speed I",
                    "color": "yellow"
                  },
                  {
                    "text": ", "
                  },
                  {
                    "text": "Haste II",
                    "color": "yellow"
                  }
                ],
                [
                  {
                    "text": "and ",
                    "color": "gray"
                  },
                  {
                    "text": "Hero of the Village III",
                    "color": "yellow"
                  },
                  {
                    "text": "."
                  }
                ],
                [
                  {
                    "text": "Gain ",
                    "color": "gray"
                  },
                  {
                    "text": "4 filled 🖤",
                    "color": "red"
                  },
                  {
                    "text": ", ",
                    "color": "gray"
                  },
                  {
                    "text": "6 🖤",
                    "color": "yellow"
                  },
                  {
                    "text": ", ",
                    "color": "gray"
                  },
                  {
                    "text": "Iron Tools",
                    "color": "white"
                  },
                  {
                    "text": ", and 32 "
                  },
                  {
                    "text": "Emeralds",
                    "color": "white"
                  },
                  {
                    "text": ".",
                    "color": "gray"
                  }
                ],
                {
                  "text": "You cannot go below y-level 50.",
                  "color": "dark_red",
                  "bold": true
                }
              ],
              "mode": "replace_all"
            }
          ],
          "conditions": [
            {
              "condition": "minecraft:inverted",
              "term": {
                "condition": "minecraft:entity_properties",
                "entity": "this",
                "predicate": {
                  "slots": {
                    "container.*": {
                      "predicates": {
                        "minecraft:custom_data": "{augment:225s}"
                      }
                    }
                  }
                }
              }
            }
          ]
        },
        {
          "type": "minecraft:item",
          "name": "minecraft:totem_of_undying",
          "weight": 1,
          "functions": [
            {
              "function": "minecraft:set_count",
              "count": 1
            },
            {
              "function": "minecraft:set_custom_data",
              "tag": "{uhcp_augSelect:1b,augment:212s}"
            },
            {
              "function": "minecraft:set_name",
              "target": "item_name",
              "name": [
                {
                  "text": "Last Stand",
                  "color": "aqua",
                  "bold": true
                }
              ]
            },
            {
              "function": "minecraft:set_lore",
              "lore": [
                {
                  "text": "------------------------",
                  "color": "blue",
                  "bold": true
                },
                [
                  {
                    "text": "Gain a",
                    "color": "gray"
                  },
                  {
                    "text": " Totem of Undying",
                    "color": "white"
                  },
                  {
                    "text": ".",
                    "color": "gray"
                  }
                ],
                [
                  {
                    "text": "After you use it, permanently gain",
                    "color": "gray"
                  }
                ],
                [
                  {
                    "text": "25% increased armor",
                    "color": "light_purple"
                  },
                  {
                    "text": ".",
                    "color": "gray"
                  }
                ]
              ],
              "mode": "replace_all"
            }
          ],
          "conditions": [
            {
              "condition": "minecraft:inverted",
              "term": {
                "condition": "minecraft:entity_properties",
                "entity": "this",
                "predicate": {
                  "slots": {
                    "container.*": {
                      "predicates": {
                        "minecraft:custom_data": "{augment:212s}"
                      }
                    }
                  }
                }
              }
            }
          ]
        },
        {
          "type": "minecraft:item",
          "name": "minecraft:brewing_stand",
          "weight": 1,
          "functions": [
            {
              "function": "minecraft:set_count",
              "count": 1
            },
            {
              "function": "minecraft:set_custom_data",
              "tag": "{uhcp_augSelect:1b,augment:216s}"
            },
            {
              "function": "minecraft:set_name",
              "target": "item_name",
              "name": [
                {
                  "text": "Potionmaster",
                  "color": "aqua",
                  "bold": true
                }
              ]
            },
            {
              "function": "minecraft:set_lore",
              "lore": [
                {
                  "text": "------------------------",
                  "color": "blue",
                  "bold": true
                },
                [
                  {
                    "text": "Gain a ",
                    "color": "gray"
                  },
                  {
                    "text": "Brewing Stand",
                    "color": "white"
                  },
                  {
                    "text": ", 3 "
                  },
                  {
                    "text": "Blaze Rods",
                    "color": "white"
                  },
                  {
                    "text": ", 4 "
                  },
                  {
                    "text": "Nether Wart",
                    "color": "white"
                  },
                  {
                    "text": ","
                  }
                ],
                [
                  {
                    "text": "2 ",
                    "color": "gray"
                  },
                  {
                    "text": "Glistening Melons",
                    "color": "white"
                  },
                  {
                    "text": ", and 1 "
                  },
                  {
                    "text": "Magma Cream",
                    "color": "white"
                  },
                  {
                    "text": "."
                  }
                ]
              ],
              "mode": "replace_all"
            }
          ],
          "conditions": [
            {
              "condition": "minecraft:inverted",
              "term": {
                "condition": "minecraft:entity_properties",
                "entity": "this",
                "predicate": {
                  "slots": {
                    "container.*": {
                      "predicates": {
                        "minecraft:custom_data": "{augment:216s}"
                      }
                    }
                  }
                }
              }
            }
          ]
        },
        {
          "type": "minecraft:item",
          "name": "minecraft:elytra",
          "weight": 1,
          "functions": [
            {
              "function": "minecraft:set_count",
              "count": 1
            },
            {
              "function": "minecraft:toggle_tooltips",
              "toggles": {
                "minecraft:attribute_modifiers": false,
                "minecraft:unbreakable": false
              }
            },
            {
              "function": "minecraft:set_components",
              "components": {
                "!minecraft:equippable": {},
                "minecraft:unbreakable": {}
              }
            },
            {
              "function": "minecraft:set_custom_data",
              "tag": "{uhcp_augSelect:1b,augment:227s}"
            },
            {
              "function": "minecraft:set_name",
              "target": "item_name",
              "name": [
                {
                  "text": "To the Skies!",
                  "color": "aqua",
                  "bold": true
                }
              ]
            },
            {
              "function": "minecraft:set_lore",
              "lore": [
                {
                  "text": "------------------------",
                  "color": "blue",
                  "bold": true
                },
                [
                  {
                    "text": "Gain 5 ",
                    "color": "gray"
                  },
                  {
                    "text": "Firework Rockets",
                    "color": "white"
                  },
                  {
                    "text": " and "
                  },
                  {
                    "text": "Armored Wings",
                    "color": "light_purple"
                  },
                  {
                    "text": ".",
                    "color": "gray"
                  }
                ],
                [
                  {
                    "text": "Gain an additional rocket every 3 minutes.",
                    "color": "gray"
                  }
                ]
              ],
              "mode": "replace_all"
            }
          ],
          "conditions": [
            {
              "condition": "minecraft:inverted",
              "term": {
                "condition": "minecraft:entity_properties",
                "entity": "this",
                "predicate": {
                  "slots": {
                    "container.*": {
                      "predicates": {
                        "minecraft:custom_data": "{augment:227s}"
                      }
                    }
                  }
                }
              }
            }
          ]
        },
        {
          "type": "minecraft:item",
          "name": "minecraft:rabbit_foot",
          "weight": 1,
          "functions": [
            {
              "function": "minecraft:set_count",
              "count": 1
            },
            {
              "function": "minecraft:set_custom_data",
              "tag": "{uhcp_augSelect:1b,augment:226s}"
            },
            {
              "function": "minecraft:set_name",
              "target": "item_name",
              "name": [
                {
                  "text": "The Hare",
                  "color": "aqua",
                  "bold": true
                }
              ]
            },
            {
              "function": "minecraft:set_lore",
              "lore": [
                {
                  "text": "------------------------",
                  "color": "blue",
                  "bold": true
                },
                [
                  {
                    "text": "Start with permanent ",
                    "color": "gray"
                  },
                  {
                    "text": "Speed I",
                    "color": "yellow"
                  }
                ],
                [
                  {
                    "text": "and ",
                    "color": "gray"
                  },
                  {
                    "text": "Jump Boost II",
                    "color": "yellow"
                  },
                  {
                    "text": "."
                  }
                ]
              ],
              "mode": "replace_all"
            }
          ],
          "conditions": [
            {
              "condition": "minecraft:inverted",
              "term": {
                "condition": "minecraft:entity_properties",
                "entity": "this",
                "predicate": {
                  "slots": {
                    "container.*": {
                      "predicates": {
                        "minecraft:custom_data": "{augment:226s}"
                      }
                    }
                  }
                }
              }
            }
          ]
        },
        {
          "type": "minecraft:item",
          "name": "minecraft:chest",
          "weight": 1,
          "functions": [
            {
              "function": "minecraft:set_count",
              "count": 1
            },
            {
              "function": "minecraft:set_custom_data",
              "tag": "{uhcp_augSelect:1b,augment:224s}"
            },
            {
              "function": "minecraft:set_name",
              "target": "item_name",
              "name": [
                {
                  "text": "Starter Kit III",
                  "color": "aqua",
                  "bold": true
                }
              ]
            },
            {
              "function": "minecraft:set_lore",
              "lore": [
                {
                  "text": "------------------------",
                  "color": "blue",
                  "bold": true
                },
                [
                  {
                    "text": "Gain full ",
                    "color": "gray"
                  },
                  {
                    "text": "Diamond Tools",
                    "color": "white"
                  },
                  {
                    "text": " with",
                    "color": "gray"
                  },
                  {
                    "text": " Efficiency I",
                    "color": "dark_purple"
                  },
                  {
                    "text": ".",
                    "color": "gray"
                  }
                ]
              ],
              "mode": "replace_all"
            }
          ],
          "conditions": [
            {
              "condition": "minecraft:inverted",
              "term": {
                "condition": "minecraft:entity_properties",
                "entity": "this",
                "predicate": {
                  "slots": {
                    "container.*": {
                      "predicates": {
                        "minecraft:custom_data": "{augment:224s}"
                      }
                    }
                  }
                }
              }
            }
          ]
        },
        {
          "type": "minecraft:item",
          "name": "minecraft:turtle_helmet",
          "weight": 1,
          "functions": [
            {
              "function": "minecraft:toggle_tooltips",
              "toggles": {
                "minecraft:attribute_modifiers": false,
                "minecraft:unbreakable": false
              }
            },
            {
              "function": "minecraft:set_count",
              "count": 1
            },
            
            {
              "function": "minecraft:set_components",
              "components": {
                "!minecraft:equippable": {},
                "minecraft:unbreakable": {}
              }
            },
            {
              "function": "minecraft:set_custom_data",
              "tag": "{uhcp_augSelect:1b,augment:236s}"
            },
            {
              "function": "minecraft:set_name",
              "target": "item_name",
              "name": [
                {
                  "text": "The Tortoise",
                  "color": "aqua",
                  "bold": true
                }
              ]
            },
            {
              "function": "minecraft:set_lore",
              "lore": [
                {
                  "text": "------------------------",
                  "color": "blue"
                },
                [
                  {
                    "text": "Gain",
                    "color": "gray"
                  },
                  {
                    "text": " 6🖤",
                    "color": "yellow"
                  },
                  {
                    "text": " and a ",
                    "color": "gray"
                  },
                  {
                    "text": "Turtle Shell",
                    "color": "light_purple"
                  },
                  {
                    "text": ","
                  }
                ],
                {
                  "text": "a powerful chestplate that reduces",
                  "color": "gray"
                },
                {
                  "text": "your movement speed by 30%.",
                  "color": "gray"
                }
              ],
              "mode": "replace_all"
            }
          ],
          "conditions": [
            {
              "condition": "minecraft:inverted",
              "term": {
                "condition": "minecraft:entity_properties",
                "entity": "this",
                "predicate": {
                  "slots": {
                    "container.*": {
                      "predicates": {
                        "minecraft:custom_data": "{augment:236s}"
                      }
                    }
                  }
                }
              }
            }
          ]
        },
        {
          "type": "minecraft:item",
          "name": "minecraft:blaze_powder",
          "weight": 1,
          "functions": [
            {
              "function": "minecraft:set_count",
              "count": 1
            },
            {
              "function": "minecraft:set_custom_data",
              "tag": "{uhcp_augSelect:1b,augment:203s}"
            },
            {
              "function": "minecraft:set_name",
              "target": "item_name",
              "name": [
                {
                  "text": "Cruel Pact",
                  "color": "aqua",
                  "bold": true
                }
              ]
            },
            {
              "function": "minecraft:set_lore",
              "lore": [
                {
                  "text": "------------------------",
                  "color": "blue",
                  "bold": true
                },
                [
                  {
                    "text": "Take",
                    "color": "gray"
                  },
                  {
                    "text": " 17🖤 of damage",
                    "color": "red"
                  },
                  {
                    "text": " at the start of the game.",
                    "color": "gray"
                  }
                ],
                [
                  {
                    "text": "Heal",
                    "color": "gray"
                  },
                  {
                    "text": " 1.6🖤",
                    "color": "red"
                  },
                  {
                    "text": " every minute for the rest of the game.",
                    "color": "gray"
                  }
                ]
              ],
              "mode": "replace_all"
            }
          ],
          "conditions": [
            {
              "condition": "minecraft:inverted",
              "term": {
                "condition": "minecraft:entity_properties",
                "entity": "this",
                "predicate": {
                  "slots": {
                    "container.*": {
                      "predicates": {
                        "minecraft:custom_data": "{augment:203s}"
                      }
                    }
                  }
                }
              }
            }
          ]
        },
        {
          "type": "minecraft:item",
          "name": "minecraft:clock",
          "functions": [
            {
              "function": "minecraft:set_count",
              "count": 1
            },
            {
              "function": "minecraft:set_custom_data",
              "tag": "{uhcp_augSelect:1b,augment:237s}"
            },
            {
              "function": "minecraft:set_name",
              "target": "item_name",
              "name": [
                {
                  "text": "Glory of Ra",
                  "color": "aqua",
                  "bold": true
                }
              ]
            },
            {
              "function": "minecraft:set_lore",
              "lore": [
                {
                  "text": "------------------------",
                  "color": "blue"
                },
                [
                  {
                    "text": "Gain a",
                    "color": "gray"
                  },
                  {
                    "text": " Sun Disk of Ra",
                    "color": "gold"
                  },
                  {
                    "text": ". When a player dies 10",
                    "color": "gray"
                  }
                ],
                [
                  {
                    "text": "blocks near you, the",
                    "color": "gray"
                  },
                  {
                    "text": " Sun Disk",
                    "color": "gold"
                  },
                  {
                    "text": " gains 1",
                    "color": "gray"
                  },
                  {
                    "text": " Charge",
                    "color": "gold"
                  },
                  {
                    "text": ",",
                    "color": "gray"
                  }
                ],
                [
                  {
                    "text": "and 2 additional",
                    "color": "gray"
                  },
                  {
                    "text": " Charges",
                    "color": "gold"
                  },
                  {
                    "text": " if you killed them. Gaining ",
                    "color": "gray"
                  }
                ],
                [
                  {
                    "text": "enough",
                    "color": "gray"
                  },
                  {
                    "text": " Charges",
                    "color": "gold"
                  },
                  {
                    "text": " grants incredibly",
                    "color": "gray"
                  },
                  {
                    "text": " powerful loot",
                    "color": "light_purple"
                  },
                  {
                    "text": ".",
                    "color": "gray"
                  }
                ]
              ],
              "mode": "replace_all"
            }
          ],
          "conditions": [
            {
              "condition": "minecraft:inverted",
              "term": {
                "condition": "minecraft:entity_properties",
                "entity": "this",
                "predicate": {
                  "slots": {
                    "container.*": {
                      "predicates": {
                        "minecraft:custom_data": "{augment:237s}"
                      }
                    }
                  }
                }
              }
            }
          ]
        },
        {
          "type": "minecraft:item",
          "name": "minecraft:silence_armor_trim_smithing_template",
          "weight": 1,
          "functions": [
            {
              "function": "minecraft:set_count",
              "count": 1
            },
            {
              "function": "minecraft:toggle_tooltips",
              "toggles": {}
            },
            {
              "function": "minecraft:set_custom_data",
              "tag": "{uhcp_augSelect:1b,augment:238s}"
            },
            {
              "function": "minecraft:set_name",
              "target": "item_name",
              "name": [
                {
                  "text": "Relic Master",
                  "color": "aqua",
                  "bold": true
                }
              ]
            },
            {
              "function": "minecraft:set_lore",
              "lore": [
                {
                  "text": "------------------------",
                  "color": "blue"
                },
                [
                  {
                    "text": "Gain a ",
                    "color": "gray"
                  },
                  {
                    "text": "Relic Invoker",
                    "color": "light_purple"
                  },
                  {
                    "text": ".",
                    "color": "gray"
                  }
                ],
                {
                  "text": "Every 20 minutes, gain another.",
                  "color": "gray"
                }
              ],
              "mode": "replace_all"
            }
          ],
          "conditions": [
            {
              "condition": "minecraft:inverted",
              "term": {
                "condition": "minecraft:entity_properties",
                "entity": "this",
                "predicate": {
                  "slots": {
                    "container.*": {
                      "predicates": {
                        "minecraft:custom_data": "{augment:238s}"
                      }
                    }
                  }
                }
              }
            }
          ]
        },
        {
          "type": "minecraft:item",
          "name": "minecraft:diamond_sword",
          "weight": 1,
          "functions": [
            {
              "function": "minecraft:set_count",
              "count": 1
            },
            {
              "function": "minecraft:set_components",
              "components": {
                "minecraft:unbreakable": {}
              }
            },
            {
              "function": "minecraft:toggle_tooltips",
              "toggles": {
                "minecraft:attribute_modifiers": false,
                "minecraft:unbreakable": false
              }
            },
            {
              "function": "minecraft:set_custom_data",
              "tag": "{uhcp_augSelect:1b,augment:221s}"
            },
            {
              "function": "minecraft:set_name",
              "target": "item_name",
              "name": [
                {
                  "text": "Phantom Saber II",
                  "color": "aqua",
                  "bold": true
                }
              ]
            },
            {
              "function": "minecraft:set_lore",
              "lore": [
                {
                  "text": "------------------------",
                  "color": "blue",
                  "bold": true
                },
                [
                  {
                    "text": "A",
                    "color": "gray"
                  },
                  {
                    "text": " Diamond Sword",
                    "color": "light_purple"
                  },
                  {
                    "text": " hovers above you.",
                    "color": "gray"
                  }
                ],
                {
                  "text": "50% of your attacks cause it to",
                  "color": "gray"
                },
                {
                  "text": "strike for additional damage.",
                  "color": "gray"
                }
              ],
              "mode": "replace_all"
            }
          ],
          "conditions": [
            {
              "condition": "minecraft:inverted",
              "term": {
                "condition": "minecraft:entity_properties",
                "entity": "this",
                "predicate": {
                  "slots": {
                    "container.*": {
                      "predicates": {
                        "minecraft:custom_data": "{augment:221s}"
                      }
                    }
                  }
                }
              }
            }
          ]
        },
        {
          "type": "minecraft:item",
          "name": "minecraft:player_head",
          "weight": 1,
          "functions": [
            {
              "function": "minecraft:set_components",
              "components": {
                "!minecraft:equippable": {},
                "minecraft:profile": {
                  "id": [
                    955755449,
                    917783530,
                    -1630009984,
                    -117457091
                  ],
                  "properties": [
                    {
                      "name": "textures",
                      "value": "eyJ0ZXh0dXJlcyI6eyJTS0lOIjp7InVybCI6Imh0dHA6Ly90ZXh0dXJlcy5taW5lY3JhZnQubmV0L3RleHR1cmUvNGUzNWIxN2M5YmUyMDQ3NGJmZGE0Yjg0NGYwZTg2NzAyYTBkOGFkNTgzZDE5MDQ2OTNlYmQ4ZjA0MGFiOWJiYiJ9fX0="
                    }
                  ]
                }
              }
            },
            {
              "function": "minecraft:toggle_tooltips",
              "toggles": {
                "minecraft:attribute_modifiers": false
              }
            },
            {
              "function": "minecraft:set_count",
              "count": 1
            },
            {
              "function": "minecraft:set_custom_data",
              "tag": "{uhcp_augSelect:1b,augment:208s}"
            },
            {
              "function": "minecraft:set_name",
              "target": "item_name",
              "name": [
                {
                  "text": "Attack on Titan",
                  "color": "aqua",
                  "bold": true
                }
              ]
            },
            {
              "function": "minecraft:set_lore",
              "lore": [
                {
                  "text": "------------------------",
                  "color": "blue",
                  "bold": true
                },
                [
                  {
                    "text": "At the start of the game, gain 2",
                    "color": "gray"
                  },
                  {
                    "text": " Titan Spinal",
                    "color": "white"
                  }
                ],
                [
                  {
                    "text": "Fluid",
                    "color": "white"
                  },
                  {
                    "text": ". Additionally, when a",
                    "color": "gray"
                  },
                  {
                    "text": " Titan",
                    "color": "blue"
                  },
                  {
                    "text": " dies 16 blocks",
                    "color": "gray"
                  }
                ],
                [
                  {
                    "text": "near you, gain",
                    "color": "gray"
                  },
                  {
                    "text": " Titan Spinal Fluid",
                    "color": "white"
                  },
                  {
                    "text": ". Consuming it",
                    "color": "gray"
                  }
                ],
                [
                  {
                    "text": "transforms you into a Titan",
                    "color": "dark_purple",
                    "bold": true
                  },
                  {
                    "text": " for 30 seconds.",
                    "color": "gray",
                    "bold": false
                  }
                ]
              ],
              "mode": "replace_all"
            }
          ],
          "conditions": [
            {
              "condition": "minecraft:inverted",
              "term": {
                "condition": "minecraft:entity_properties",
                "entity": "this",
                "predicate": {
                  "slots": {
                    "container.*": {
                      "predicates": {
                        "minecraft:custom_data": "{augment:208s}"
                      }
                    }
                  }
                }
              }
            }
          ]
        },
        {
          "type": "minecraft:item",
          "name": "minecraft:bamboo",
          "weight": 1,
          "functions": [
            {
              "function": "minecraft:set_count",
              "count": 1
            },
            {
              "function": "minecraft:set_custom_data",
              "tag": "{uhcp_augSelect:1b,augment:232s}"
            },
            {
              "function": "minecraft:set_name",
              "target": "item_name",
              "name": [
                {
                  "text": "Kung-Fu Panda",
                  "color": "aqua",
                  "bold": true
                }
              ]
            },
            {
              "function": "minecraft:set_lore",
              "lore": [
                {
                  "text": "------------------------",
                  "color": "blue"
                },
                [
                  {
                    "text": "Gain a ",
                    "color": "gray"
                  },
                  {
                    "text": "Suspicious Bamboo Sugar",
                    "color": "white"
                  },
                  {
                    "text": ".",
                    "color": "gray"
                  }
                ],
                [
                  {
                    "text": "Eating these transforms you into a ",
                    "color": "gray"
                  },
                  {
                    "text": "Panda",
                    "color": "blue"
                  },
                  {
                    "text": "!",
                    "color": "gray"
                  }
                ],
                [
                  {
                    "text": "Whenever you eat a ",
                    "color": "gray"
                  },
                  {
                    "text": "Suspicious Bamboo",
                    "color": "light_purple"
                  },
                  {
                    "text": ","
                  }
                ],
                [
                  {
                    "text": "gain another after 5 minutes.",
                    "color": "gray"
                  }
                ]
              ],
              "mode": "replace_all"
            }
          ],
          "conditions": [
            {
              "condition": "minecraft:inverted",
              "term": {
                "condition": "minecraft:entity_properties",
                "entity": "this",
                "predicate": {
                  "slots": {
                    "container.*": {
                      "predicates": {
                        "minecraft:custom_data": "{augment:232s}"
                      }
                    }
                  }
                }
              }
            }
          ]
        },
        {
          "type": "minecraft:item",
          "name": "minecraft:clock",
          "weight": 1,
          "functions": [
            {
              "function": "minecraft:set_count",
              "count": 1
            },
            {
              "function": "minecraft:set_custom_data",
              "tag": "{uhcp_augSelect:1b,augment:241s}"
            },
            {
              "function": "minecraft:set_name",
              "target": "item_name",
              "name": [
                {
                  "text": "Think Fast",
                  "color": "aqua",
                  "bold": true
                }
              ]
            },
            {
              "function": "minecraft:set_lore",
              "lore": [
                {
                  "text": "------------------------",
                  "color": "blue"
                },
                {
                  "text": "Start the game with a massive",
                  "color": "gray"
                },
                [
                  {
                    "text": "amount of ",
                    "color": "gray"
                  },
                  {
                    "text": "Speed",
                    "color": "yellow"
                  },
                  {
                    "text": " and ",
                    "color": "gray"
                  },
                  {
                    "text": "Haste",
                    "color": "yellow"
                  },
                  {
                    "text": " for",
                    "color": "gray"
                  }
                ],
                {
                  "text": "10 minutes.",
                  "color": "gray"
                }
              ],
              "mode": "replace_all"
            }
          ],
          "conditions": [
            {
              "condition": "minecraft:inverted",
              "term": {
                "condition": "minecraft:entity_properties",
                "entity": "this",
                "predicate": {
                  "slots": {
                    "container.*": {
                      "predicates": {
                        "minecraft:custom_data": "{augment:241s}"
                      }
                    }
                  }
                }
              }
            }
          ]
        },
        {
          "type": "minecraft:item",
          "name": "minecraft:diamond",
          "weight": 1,
          "functions": [
            {
              "function": "minecraft:set_count",
              "count": 1
            },
            {
              "function": "minecraft:set_custom_data",
              "tag": "{uhcp_augSelect:1b,augment:242s}"
            },
            {
              "function": "minecraft:set_name",
              "target": "item_name",
              "name": [
                {
                  "text": "Diamond Grab Bag",
                  "color": "aqua",
                  "bold": true
                }
              ]
            },
            {
              "function": "minecraft:set_lore",
              "lore": [
                {
                  "text": "------------------------",
                  "color": "blue"
                },
                [
                  {
                    "text": "Gain 3 random ",
                    "color": "gray"
                  },
                  {
                    "text": "pieces of enchanted Diamond equipment",
                    "color": "white"
                  },
                  {
                    "text": ".",
                    "color": "gray"
                  }
                ]
              ],
              "mode": "replace_all"
            }
          ],
          "conditions": [
            {
              "condition": "minecraft:inverted",
              "term": {
                "condition": "minecraft:entity_properties",
                "entity": "this",
                "predicate": {
                  "slots": {
                    "container.*": {
                      "predicates": {
                        "minecraft:custom_data": "{augment:242s}"
                      }
                    }
                  }
                }
              }
            }
          ]
        },
        {
          "type": "minecraft:item",
          "name": "minecraft:ice",
          "weight": 1,
          "functions": [
            {
              "function": "minecraft:set_count",
              "count": 1
            },
            {
              "function": "minecraft:set_custom_data",
              "tag": "{uhcp_augSelect:1b,augment:202s}"
            },
            {
              "function": "minecraft:set_name",
              "target": "item_name",
              "name": [
                {
                  "text": "Cold Blooded",
                  "color": "aqua",
                  "bold": true
                }
              ]
            },
            {
              "function": "minecraft:set_lore",
              "lore": [
                {
                  "text": "------------------------",
                  "color": "blue"
                },
                [
                  {
                    "text": "As long as you are standing on ",
                    "color": "gray"
                  },
                  {
                    "text": "Ice",
                    "color": "blue"
                  }
                ],
                [
                  {
                    "text": "gain ",
                    "color": "gray"
                  },
                  {
                    "text": "Strength",
                    "color": "yellow"
                  },
                  {
                    "text": " and "
                  },
                  {
                    "text": "Resistance",
                    "color": "yellow"
                  },
                  {
                    "text": ".",
                    "color": "gray"
                  }
                ],
                [
                  {
                    "text": "Gain ",
                    "color": "gray"
                  },
                  {
                    "text": "Frost Walker II",
                    "color": "dark_purple"
                  },
                  {
                    "text": " Diamond Boots",
                    "color": "white"
                  }
                ],
                [
                  {
                    "text": "and 64 ",
                    "color": "gray"
                  },
                  {
                    "text": "Ice",
                    "color": "blue"
                  },
                  {
                    "text": "."
                  }
                ]
              ],
              "mode": "replace_all"
            }
          ],
          "conditions": [
            {
              "condition": "minecraft:inverted",
              "term": {
                "condition": "minecraft:entity_properties",
                "entity": "this",
                "predicate": {
                  "slots": {
                    "container.*": {
                      "predicates": {
                        "minecraft:custom_data": "{augment:202s}"
                      }
                    }
                  }
                }
              }
            }
          ]
        },
        {
          "type": "minecraft:item",
          "name": "minecraft:nether_star",
          "weight": 1,
          "functions": [
            {
              "function": "minecraft:set_count",
              "count": 1
            },
            {
              "function": "minecraft:set_custom_data",
              "tag": "{uhcp_augSelect:1b,augment:218s}"
            },
            {
              "function": "minecraft:set_name",
              "target": "item_name",
              "name": [
                {
                  "text": "Radiant Blessing",
                  "color": "aqua",
                  "bold": true
                }
              ]
            },
            {
              "function": "minecraft:set_lore",
              "lore": [
                {
                  "text": "------------------------",
                  "color": "blue"
                },
                [
                  {
                    "text": "The first time you fall below",
                    "color": "gray"
                  },
                  {
                    "text": " 6🖤",
                    "color": "red"
                  },
                  {
                    "text": ", gain ",
                    "color": "gray"
                  }
                ],
                [
                  {
                    "text": "random powerful loot",
                    "color": "light_purple"
                  },
                  {
                    "text": "!",
                    "color": "gray"
                  }
                ]
              ],
              "mode": "replace_all"
            }
          ],
          "conditions": [
            {
              "condition": "minecraft:inverted",
              "term": {
                "condition": "minecraft:entity_properties",
                "entity": "this",
                "predicate": {
                  "slots": {
                    "container.*": {
                      "predicates": {
                        "minecraft:custom_data": "{augment:218s}"
                      }
                    }
                  }
                }
              }
            }
          ]
        },
        {
          "type": "minecraft:item",
          "name": "minecraft:slime_ball",
          "weight": 1,
          "functions": [
            {
              "function": "minecraft:set_count",
              "count": 1
            },
            {
              "function": "minecraft:set_custom_data",
              "tag": "{uhcp_augSelect:1b,augment:204s}"
            },
            {
              "function": "minecraft:set_name",
              "target": "item_name",
              "name": [
                {
                  "text": "Gum-Gum Fruit",
                  "color": "aqua",
                  "bold": true
                }
              ]
            },
            {
              "function": "minecraft:set_lore",
              "lore": [
                {
                  "text": "------------------------",
                  "color": "blue"
                },
                [
                  {
                    "text": "Increase your block interaction",
                    "color": "gray",
                    "italic": false
                  }
                ],
                {
                  "text": "and combat reach by 33%.",
                  "color": "gray",
                  "italic": false
                }
              ],
              "mode": "replace_all"
            }
          ],
          "conditions": [
            {
              "condition": "minecraft:inverted",
              "term": {
                "condition": "minecraft:entity_properties",
                "entity": "this",
                "predicate": {
                  "slots": {
                    "container.*": {
                      "predicates": {
                        "minecraft:custom_data": "{augment:204s}"
                      }
                    }
                  }
                }
              }
            }
          ]
        },
        {
          "type": "minecraft:item",
          "name": "minecraft:gold_block",
          "weight": 1,
          "functions": [
            {
              "function": "minecraft:set_count",
              "count": 1
            },
            {
              "function": "minecraft:set_custom_data",
              "tag": "{uhcp_augSelect:1b,augment:239s}"
            },
            {
              "function": "minecraft:set_name",
              "target": "item_name",
              "name": [
                {
                  "text": "Midas Touch",
                  "color": "aqua",
                  "bold": true
                }
              ]
            },
            {
              "function": "minecraft:set_lore",
              "lore": [
                {
                  "text": "------------------------",
                  "color": "blue"
                },
                [
                  {
                    "text": "Whenever you touch an Ore,",
                    "color": "gray"
                  }
                ],
                [
                  {
                    "text": "convert it to",
                    "color": "gray"
                  },
                  {
                    "text": " Gold",
                    "color": "white"
                  },
                  {
                    "text": ".",
                    "color": "gray"
                  }
                ],
                {
                  "text": ""
                },
                {
                  "text": "(Start with extra equipment",
                  "color": "dark_gray"
                },
                [
                  {
                    "text": "on a",
                    "color": "dark_gray"
                  },
                  {
                    "text": " SOLO",
                    "color": "aqua"
                  },
                  {
                    "text": " team.)",
                    "color": "dark_gray"
                  }
                ]
              ],
              "mode": "replace_all"
            }
          ],
          "conditions": [
            {
              "condition": "minecraft:inverted",
              "term": {
                "condition": "minecraft:entity_properties",
                "entity": "this",
                "predicate": {
                  "slots": {
                    "container.*": {
                      "predicates": {
                        "minecraft:custom_data": "{augment:239s}"
                      }
                    }
                  }
                }
              }
            }
          ]
        },
        {
          "type": "minecraft:item",
          "name": "minecraft:flowering_azalea_leaves",
          "weight": 1,
          "functions": [
            {
              "function": "minecraft:set_count",
              "count": 1
            },
            {
              "function": "minecraft:set_custom_data",
              "tag": "{uhcp_augSelect:1b,augment:244s}"
            },
            {
              "function": "minecraft:set_name",
              "target": "item_name",
              "name": [
                {
                  "text": "Hedge Fund",
                  "color": "aqua",
                  "bold": true
                }
              ]
            },
            {
              "function": "minecraft:set_lore",
              "lore": [
                {
                  "text": "------------------------",
                  "color": "blue"
                },
                [
                  {
                    "text": "Gain 10 ",
                    "color": "gray"
                  },
                  {
                    "text": "Gold Ingots",
                    "color": "white"
                  },
                  {
                    "text": ". Every 3 minutes, gain a",
                    "color": "gray"
                  }
                ],
                [
                  {
                    "text": "Gold Ingot",
                    "color": "white"
                  },
                  {
                    "text": " for every 10",
                    "color": "gray"
                  },
                  {
                    "text": " Gold Ingots",
                    "color": "white"
                  },
                  {
                    "text": " you have.",
                    "color": "gray"
                  }
                ]
              ],
              "mode": "replace_all"
            }
          ],
          "conditions": [
            {
              "condition": "minecraft:inverted",
              "term": {
                "condition": "minecraft:entity_properties",
                "entity": "this",
                "predicate": {
                  "slots": {
                    "container.*": {
                      "predicates": {
                        "minecraft:custom_data": "{augment:244s}"
                      }
                    }
                  }
                }
              }
            }
          ]
        },
        {
          "type": "minecraft:item",
          "name": "minecraft:gold_nugget",
          "weight": 1,
          "functions": [
            {
              "function": "minecraft:set_count",
              "count": 1
            },
            {
              "function": "minecraft:set_custom_data",
              "tag": "{uhcp_augSelect:1b,augment:219s}"
            },
            {
              "function": "minecraft:set_name",
              "target": "item_name",
              "name": [
                {
                  "text": "Lil'est Bro",
                  "color": "aqua",
                  "bold": true
                }
              ]
            },
            {
              "function": "minecraft:set_lore",
              "lore": [
                {
                  "text": "------------------------",
                  "color": "blue"
                },
                [
                  {
                    "text": "Become extremely small.",
                    "color": "gray",
                    "italic": false
                  }
                ]
              ],
              "mode": "replace_all"
            }
          ],
          "conditions": [
            {
              "condition": "minecraft:inverted",
              "term": {
                "condition": "minecraft:entity_properties",
                "entity": "this",
                "predicate": {
                  "slots": {
                    "container.*": {
                      "predicates": {
                        "minecraft:custom_data": "{augment:219s}"
                      }
                    }
                  }
                }
              }
            }
          ]
        },
        {
          "type": "minecraft:item",
          "name": "minecraft:book",
          "weight": 1,
          "functions": [
            {
              "function": "minecraft:set_count",
              "count": 1
            },
            {
              "function": "minecraft:set_custom_data",
              "tag": "{uhcp_augSelect:1b,augment:234s}"
            },
            {
              "function": "minecraft:set_name",
              "target": "item_name",
              "name": [
                {
                  "text": "Bookworm II",
                  "color": "aqua",
                  "bold": true
                }
              ]
            },
            {
              "function": "minecraft:set_lore",
              "lore": [
                {
                  "text": "------------------------",
                  "color": "blue"
                },
                [
                  {
                    "text": "Gain 3 powerful random ",
                    "color": "gray",
                    "italic": false
                  }
                ],
                {
                  "text": "Enchanted Books",
                  "color": "dark_purple",
                  "italic": false,
                  "extra": [
                    {
                      "text": ".",
                      "color": "gray"
                    }
                  ]
                }
              ],
              "mode": "replace_all"
            }
          ],
          "conditions": [
            {
              "condition": "minecraft:inverted",
              "term": {
                "condition": "minecraft:entity_properties",
                "entity": "this",
                "predicate": {
                  "slots": {
                    "container.*": {
                      "predicates": {
                        "minecraft:custom_data": "{augment:234s}"
                      }
                    }
                  }
                }
              }
            }
          ]
        },
        {
          "type": "minecraft:item",
          "name": "minecraft:diamond_hoe",
          "weight": 1,
          "functions": [
            {
              "function": "minecraft:set_count",
              "count": 1
            },
            {
              "function": "minecraft:set_custom_data",
              "tag": "{uhcp_augSelect:1b,augment:235s}"
            },
            {
              "function": "minecraft:set_name",
              "target": "item_name",
              "name": [
                {
                  "text": "Harvest Season III",
                  "color": "aqua",
                  "bold": true
                }
              ]
            },
            {
              "function": "minecraft:toggle_tooltips",
              "toggles": {
                "minecraft:attribute_modifiers": false
              }
            },
            {
              "function": "minecraft:set_lore",
              "lore": [
                {
                  "text": "------------------------",
                  "color": "blue"
                },
                [
                  {
                    "text": "Whenever you kill a hostile",
                    "color": "gray",
                    "italic": false
                  }
                ],
                {
                  "text": "mob, it has a 40% chance of",
                  "color": "gray",
                  "italic": false
                },
                {
                  "text": "dropping a ",
                  "color": "gray",
                  "italic": false,
                  "extra": [
                    {
                      "text": "Golden Apple",
                      "color": "white"
                    },
                    {
                      "text": ".",
                      "color": "gray"
                    }
                  ]
                }
              ],
              "mode": "replace_all"
            }
          ],
          "conditions": [
            {
              "condition": "minecraft:inverted",
              "term": {
                "condition": "minecraft:entity_properties",
                "entity": "this",
                "predicate": {
                  "slots": {
                    "container.*": {
                      "predicates": {
                        "minecraft:custom_data": "{augment:235s}"
                      }
                    }
                  }
                }
              }
            }
          ]
        },
        {
          "type": "minecraft:item",
          "name": "minecraft:raiser_armor_trim_smithing_template",
          "weight": 1,
          "functions": [
            {
              "function": "minecraft:set_count",
              "count": 1
            },
            {
              "function": "minecraft:set_custom_data",
              "tag": "{uhcp_augSelect:1b,augment:233s}"
            },
            {
              "function": "minecraft:toggle_tooltips",
              "toggles": {}
            },
            {
              "function": "minecraft:set_name",
              "target": "item_name",
              "name": [
                {
                  "text": "Perfect Replica",
                  "color": "aqua",
                  "bold": true
                }
              ]
            },
            {
              "function": "minecraft:set_lore",
              "lore": [
                {
                  "text": "------------------------",
                  "color": "blue"
                },
                [
                  {
                    "text": "Gain 2 ",
                    "color": "gray",
                    "italic": false
                  },
                  {
                    "text": "Duplicators",
                    "color": "light_purple",
                    "extra": [
                      {
                        "text": ".",
                        "color": "gray"
                      }
                    ]
                  }
                ]
              ],
              "mode": "replace_all"
            }
          ],
          "conditions": [
            {
              "condition": "minecraft:inverted",
              "term": {
                "condition": "minecraft:entity_properties",
                "entity": "this",
                "predicate": {
                  "slots": {
                    "container.*": {
                      "predicates": {
                        "minecraft:custom_data": "{augment:233s}"
                      }
                    }
                  }
                }
              }
            }
          ]
        },
        {
          "type": "minecraft:item",
          "name": "minecraft:end_crystal",
          "weight": 1,
          "functions": [
            {
              "function": "minecraft:set_count",
              "count": 1
            },
            {
              "function": "minecraft:set_custom_data",
              "tag": "{uhcp_augSelect:1b,augment:243s}"
            },
            {
              "function": "minecraft:set_name",
              "target": "item_name",
              "name": [
                {
                  "text": "Radiant Relics",
                  "color": "aqua",
                  "bold": true
                }
              ]
            },
            {
              "function": "minecraft:set_lore",
              "lore": [
                {
                  "text": "------------------------",
                  "color": "blue",
                  "bold": true
                },
                [
                  {
                    "text": "Gain a random ",
                    "color": "gray"
                  },
                  {
                    "text": "Radiant Relic",
                    "color": "blue"
                  },
                  {
                    "text": ".",
                    "color": "gray"
                  }
                ]
              ],
              "mode": "replace_all"
            }
          ],
          "conditions": [
            {
              "condition": "minecraft:inverted",
              "term": {
                "condition": "minecraft:entity_properties",
                "entity": "this",
                "predicate": {
                  "slots": {
                    "container.*": {
                      "predicates": {
                        "minecraft:custom_data": "{augment:243s}"
                      }
                    }
                  }
                }
              }
            }
          ]
        },
        {
          "type": "minecraft:item",
          "name": "minecraft:bedrock",
          "weight": 1,
          "functions": [
            {
              "function": "minecraft:set_count",
              "count": 1
            },
            {
              "function": "minecraft:set_custom_data",
              "tag": "{uhcp_augSelect:1b,augment:245s}"
            },
            {
              "function": "minecraft:set_name",
              "target": "item_name",
              "name": [
                {
                  "text": "Immovable Object",
                  "color": "aqua",
                  "bold": true,
                  "italic": false
                }
              ]
            },
            {
              "function": "minecraft:set_lore",
              "lore": [
                {
                  "text": "------------------------",
                  "color": "blue"
                },
                [
                  {
                    "text": "Gain a ",
                    "color": "gray"
                  },
                  {
                    "text": "Kalyx's Thorns",
                    "color": "light_purple"
                  },
                  {
                    "text": ", a",
                    "color": "gray"
                  }
                ],
                [
                  {
                    "text": "Bone Cage",
                    "color": "light_purple"
                  },
                  {
                    "text": ", and a ",
                    "color": "gray"
                  }
                ],
                [
                  {
                    "text": "Dragon's Protection",
                    "color": "light_purple"
                  },
                  {
                    "text": ".",
                    "color": "gray"
                  }
                ]
              ],
              "mode": "replace_all"
            }
          ],
          "conditions": [
            {
              "condition": "minecraft:inverted",
              "term": {
                "condition": "minecraft:entity_properties",
                "entity": "this",
                "predicate": {
                  "slots": {
                    "container.*": {
                      "predicates": {
                        "minecraft:custom_data": "{augment:245s}"
                      }
                    }
                  }
                }
              }
            }
          ]
        },
        {
          "type": "minecraft:item",
          "name": "minecraft:bee_nest",
          "weight": 1,
          "functions": [
            {
              "function": "minecraft:set_count",
              "count": 1
            },
            {
              "function": "minecraft:toggle_tooltips",
              "toggles": {
                "minecraft:bees": false,
                "minecraft:block_entity_data": false,
                "minecraft:block_state": false
              }
            },
            {
              "function": "minecraft:set_custom_data",
              "tag": "{uhcp_augSelect:1b,augment:246s}"
            },
            {
              "function": "minecraft:set_name",
              "target": "item_name",
              "name": [
                {
                  "text": "Buzzy Bees",
                  "color": "aqua",
                  "bold": true,
                  "italic": false
                }
              ]
            },
            {
              "function": "minecraft:set_lore",
              "lore": [
                {
                  "text": "------------------------",
                  "color": "blue"
                },
                [
                  {
                    "text": "Gain 2 ",
                    "color": "gray"
                  },
                  {
                    "text": "Buzzbursts",
                    "color": "light_purple"
                  },
                  {
                    "text": " and 5 ",
                    "color": "gray"
                  },
                  {
                    "text": "Royal Jelly",
                    "color": "light_purple"
                  },
                  {
                    "text": ".",
                    "color": "gray"
                  }
                ],
                [
                  {
                    "text": "As long as you are standing on ",
                    "color": "gray"
                  },
                  {
                    "text": "Honey",
                    "color": "blue"
                  }
                ],
                [
                  {
                    "text": "gain ",
                    "color": "gray"
                  },
                  {
                    "text": "Strength",
                    "color": "yellow"
                  },
                  {
                    "text": " and "
                  },
                  {
                    "text": "Resistance",
                    "color": "yellow"
                  },
                  {
                    "text": ".",
                    "color": "gray"
                  }
                ]
              ],
              "mode": "replace_all"
            }
          ],
          "conditions": [
            {
              "condition": "minecraft:inverted",
              "term": {
                "condition": "minecraft:entity_properties",
                "entity": "this",
                "predicate": {
                  "slots": {
                    "container.*": {
                      "predicates": {
                        "minecraft:custom_data": "{augment:246s}"
                      }
                    }
                  }
                }
              }
            }
          ]
        },
        {
          "type": "minecraft:loot_table",
          "value": "uhcp:augments/patron/prismatic",
          "weight": 9
        }
      ],
      "functions": [
        {
          "function": "minecraft:set_components",
          "components": {
            "minecraft:enchantment_glint_override": true
          }
        }
      ]
    }
  ]
}