{
  "pools": [
    {
      "rolls": 1,
      "entries": [
        {
          "type": "minecraft:item",
          "name": "minecraft:barrier",
          "weight": 1,
          "functions": [
            {
              "function": "minecraft:set_count",
              "count": 1
            },
            {
              "function": "minecraft:set_custom_data",
              "tag": "{uhcp_augSelect:1b,augment:0s}"
            },
            {
              "function": "minecraft:set_name",
              "target": "item_name",
              "name": [
                {
                  "text": "Sample Augment",
                  "color": "gray",
                  "bold": true
                }
              ]
            },
            {
              "function": "minecraft:set_lore",
              "lore": [
                {
                  "text": "------------------------",
                  "color": "blue"
                },
                [
                  {
                    "text": "Gain a ",
                    "color": "gray"
                  },
                  {
                    "text": "Cool Item",
                    "color": "white"
                  },
                  {
                    "text": " and a",
                    "color": "gray"
                  }
                ],
                [
                  {
                    "text": "Sharpness V / Unbreaking V",
                    "color": "dark_purple"
                  }
                ],
                [
                  {
                    "text": "Iron Sword",
                    "color": "white"
                  },
                  {
                    "text": ".",
                    "color": "gray"
                  }
                ]
              ],
              "mode": "replace_all"
            }
          ],
          "conditions": [
            {
              "condition": "minecraft:inverted",
              "term": {
                "condition": "minecraft:entity_properties",
                "entity": "this",
                "predicate": {
                  "slots": {
                    "container.*": {
                      "predicates": {
                        "minecraft:custom_data": "{augment:0s}"
                      }
                    }
                  }
                }
              }
            }
          ]
        }
      ]
    }
  ]
}