{
  "pools": [
    {
      "rolls": 1,
      "entries": [
        {
          "type": "minecraft:item",
          "name": "minecraft:paper",
          "functions": [
            {
              "function": "minecraft:set_custom_data",
              "tag": {
                "uhcp_instantpickup": true,
                "uhcp_scavengerflyer": true
              }
            },
            {
              "function": "minecraft:copy_custom_data",
              "source": {
                "type": "minecraft:storage",
                "source": "uhcp:id"
              },
              "ops": [
                {
                  "source": "player.id",
                  "target": "id",
                  "op": "replace"
                },
                {
                  "source": "game.id",
                  "target": "game_id",
                  "op": "replace"
                }
              ]
            },
            {
              "function": "minecraft:set_components",
              "components": {
                "minecraft:max_stack_size": 1,
                "minecraft:enchantment_glint_override": true
              }
            },
            {
              "function": "minecraft:set_name",
              "target": "item_name",
              "name": {
                "text": "Scavenger's Flyer",
                "color": "gold",
                "bold": true
              }
            },
            {
              "function": "minecraft:set_lore",
              "entity": "this",
              "lore": [
                [
                  {
                    "text": "Obtain 5 out of 7 the following items to gain 10",
                    "color": "gray"
                  },
                  {
                    "text": " Golden Apples",
                    "color": "white"
                  },
                  {
                    "text": ":",
                    "color": "gray"
                  }
                ]
              ],
              "mode": "append"
            },
            {
              "function": "minecraft:set_lore",
              "entity": "this",
              "lore": [
                [
                  {
                    "text": "- ",
                    "italic": false
                  },
                  {
                    "text": "Suspicious Stew",
                    "color": "blue"
                  }
                ]
              ],
              "mode": "append",
              "conditions": [
                {
                  "condition": "minecraft:any_of",
                  "terms": [
                    {
                      "condition": "minecraft:entity_scores",
                      "entity": "this",
                      "scores": {
                        "uhcp_aug_sh_item1": 0
                      }
                    },
                    {
                      "condition": "minecraft:entity_scores",
                      "entity": "this",
                      "scores": {
                        "uhcp_aug_sh_item2": 0
                      }
                    },
                    {
                      "condition": "minecraft:entity_scores",
                      "entity": "this",
                      "scores": {
                        "uhcp_aug_sh_item3": 0
                      }
                    },
                    {
                      "condition": "minecraft:entity_scores",
                      "entity": "this",
                      "scores": {
                        "uhcp_aug_sh_item4": 0
                      }
                    },
                    {
                      "condition": "minecraft:entity_scores",
                      "entity": "this",
                      "scores": {
                        "uhcp_aug_sh_item5": 0
                      }
                    },
                    {
                      "condition": "minecraft:entity_scores",
                      "entity": "this",
                      "scores": {
                        "uhcp_aug_sh_item6": 0
                      }
                    },
                    {
                      "condition": "minecraft:entity_scores",
                      "entity": "this",
                      "scores": {
                        "uhcp_aug_sh_item7": 0
                      }
                    }
                  ]
                }
              ]
            },
            {
              "function": "minecraft:set_lore",
              "entity": "this",
              "lore": [
                [
                  {
                    "text": "- ",
                    "italic": false
                  },
                  {
                    "text": "Chiseled Quartz",
                    "color": "blue"
                  }
                ]
              ],
              "mode": "append",
              "conditions": [
                {
                  "condition": "minecraft:any_of",
                  "terms": [
                    {
                      "condition": "minecraft:entity_scores",
                      "entity": "this",
                      "scores": {
                        "uhcp_aug_sh_item1": 1
                      }
                    },
                    {
                      "condition": "minecraft:entity_scores",
                      "entity": "this",
                      "scores": {
                        "uhcp_aug_sh_item2": 1
                      }
                    },
                    {
                      "condition": "minecraft:entity_scores",
                      "entity": "this",
                      "scores": {
                        "uhcp_aug_sh_item3": 1
                      }
                    },
                    {
                      "condition": "minecraft:entity_scores",
                      "entity": "this",
                      "scores": {
                        "uhcp_aug_sh_item4": 1
                      }
                    },
                    {
                      "condition": "minecraft:entity_scores",
                      "entity": "this",
                      "scores": {
                        "uhcp_aug_sh_item5": 1
                      }
                    },
                    {
                      "condition": "minecraft:entity_scores",
                      "entity": "this",
                      "scores": {
                        "uhcp_aug_sh_item6": 1
                      }
                    },
                    {
                      "condition": "minecraft:entity_scores",
                      "entity": "this",
                      "scores": {
                        "uhcp_aug_sh_item7": 1
                      }
                    }
                  ]
                }
              ]
            },
            {
              "function": "minecraft:set_lore",
              "entity": "this",
              "lore": [
                [
                  {
                    "text": "- ",
                    "italic": false
                  },
                  {
                    "text": "Fermented Spider Eye",
                    "color": "blue"
                  }
                ]
              ],
              "mode": "append",
              "conditions": [
                {
                  "condition": "minecraft:any_of",
                  "terms": [
                    {
                      "condition": "minecraft:entity_scores",
                      "entity": "this",
                      "scores": {
                        "uhcp_aug_sh_item1": 2
                      }
                    },
                    {
                      "condition": "minecraft:entity_scores",
                      "entity": "this",
                      "scores": {
                        "uhcp_aug_sh_item2": 2
                      }
                    },
                    {
                      "condition": "minecraft:entity_scores",
                      "entity": "this",
                      "scores": {
                        "uhcp_aug_sh_item3": 2
                      }
                    },
                    {
                      "condition": "minecraft:entity_scores",
                      "entity": "this",
                      "scores": {
                        "uhcp_aug_sh_item4": 2
                      }
                    },
                    {
                      "condition": "minecraft:entity_scores",
                      "entity": "this",
                      "scores": {
                        "uhcp_aug_sh_item5": 2
                      }
                    },
                    {
                      "condition": "minecraft:entity_scores",
                      "entity": "this",
                      "scores": {
                        "uhcp_aug_sh_item6": 2
                      }
                    },
                    {
                      "condition": "minecraft:entity_scores",
                      "entity": "this",
                      "scores": {
                        "uhcp_aug_sh_item7": 2
                      }
                    }
                  ]
                }
              ]
            },
            {
              "function": "minecraft:set_lore",
              "entity": "this",
              "lore": [
                [
                  {
                    "text": "- ",
                    "italic": false
                  },
                  {
                    "text": "Ender Pearl",
                    "color": "blue"
                  }
                ]
              ],
              "mode": "append",
              "conditions": [
                {
                  "condition": "minecraft:any_of",
                  "terms": [
                    {
                      "condition": "minecraft:entity_scores",
                      "entity": "this",
                      "scores": {
                        "uhcp_aug_sh_item1": 3
                      }
                    },
                    {
                      "condition": "minecraft:entity_scores",
                      "entity": "this",
                      "scores": {
                        "uhcp_aug_sh_item2": 3
                      }
                    },
                    {
                      "condition": "minecraft:entity_scores",
                      "entity": "this",
                      "scores": {
                        "uhcp_aug_sh_item3": 3
                      }
                    },
                    {
                      "condition": "minecraft:entity_scores",
                      "entity": "this",
                      "scores": {
                        "uhcp_aug_sh_item4": 3
                      }
                    },
                    {
                      "condition": "minecraft:entity_scores",
                      "entity": "this",
                      "scores": {
                        "uhcp_aug_sh_item5": 3
                      }
                    },
                    {
                      "condition": "minecraft:entity_scores",
                      "entity": "this",
                      "scores": {
                        "uhcp_aug_sh_item6": 3
                      }
                    },
                    {
                      "condition": "minecraft:entity_scores",
                      "entity": "this",
                      "scores": {
                        "uhcp_aug_sh_item7": 3
                      }
                    }
                  ]
                }
              ]
            },
            {
              "function": "minecraft:set_lore",
              "entity": "this",
              "lore": [
                [
                  {
                    "text": "- ",
                    "italic": false
                  },
                  {
                    "text": "Egg",
                    "color": "blue"
                  }
                ]
              ],
              "mode": "append",
              "conditions": [
                {
                  "condition": "minecraft:any_of",
                  "terms": [
                    {
                      "condition": "minecraft:entity_scores",
                      "entity": "this",
                      "scores": {
                        "uhcp_aug_sh_item1": 4
                      }
                    },
                    {
                      "condition": "minecraft:entity_scores",
                      "entity": "this",
                      "scores": {
                        "uhcp_aug_sh_item2": 4
                      }
                    },
                    {
                      "condition": "minecraft:entity_scores",
                      "entity": "this",
                      "scores": {
                        "uhcp_aug_sh_item3": 4
                      }
                    },
                    {
                      "condition": "minecraft:entity_scores",
                      "entity": "this",
                      "scores": {
                        "uhcp_aug_sh_item4": 4
                      }
                    },
                    {
                      "condition": "minecraft:entity_scores",
                      "entity": "this",
                      "scores": {
                        "uhcp_aug_sh_item5": 4
                      }
                    },
                    {
                      "condition": "minecraft:entity_scores",
                      "entity": "this",
                      "scores": {
                        "uhcp_aug_sh_item6": 4
                      }
                    },
                    {
                      "condition": "minecraft:entity_scores",
                      "entity": "this",
                      "scores": {
                        "uhcp_aug_sh_item7": 4
                      }
                    }
                  ]
                }
              ]
            },
            {
              "function": "minecraft:set_lore",
              "entity": "this",
              "lore": [
                [
                  {
                    "text": "- ",
                    "italic": false
                  },
                  {
                    "text": "Glowstone Block",
                    "color": "blue"
                  }
                ]
              ],
              "mode": "append",
              "conditions": [
                {
                  "condition": "minecraft:any_of",
                  "terms": [
                    {
                      "condition": "minecraft:entity_scores",
                      "entity": "this",
                      "scores": {
                        "uhcp_aug_sh_item1": 5
                      }
                    },
                    {
                      "condition": "minecraft:entity_scores",
                      "entity": "this",
                      "scores": {
                        "uhcp_aug_sh_item2": 5
                      }
                    },
                    {
                      "condition": "minecraft:entity_scores",
                      "entity": "this",
                      "scores": {
                        "uhcp_aug_sh_item3": 5
                      }
                    },
                    {
                      "condition": "minecraft:entity_scores",
                      "entity": "this",
                      "scores": {
                        "uhcp_aug_sh_item4": 5
                      }
                    },
                    {
                      "condition": "minecraft:entity_scores",
                      "entity": "this",
                      "scores": {
                        "uhcp_aug_sh_item5": 5
                      }
                    },
                    {
                      "condition": "minecraft:entity_scores",
                      "entity": "this",
                      "scores": {
                        "uhcp_aug_sh_item6": 5
                      }
                    },
                    {
                      "condition": "minecraft:entity_scores",
                      "entity": "this",
                      "scores": {
                        "uhcp_aug_sh_item7": 5
                      }
                    }
                  ]
                }
              ]
            },
            {
              "function": "minecraft:set_lore",
              "entity": "this",
              "lore": [
                [
                  {
                    "text": "- ",
                    "italic": false
                  },
                  {
                    "text": "Jukebox",
                    "color": "blue"
                  }
                ]
              ],
              "mode": "append",
              "conditions": [
                {
                  "condition": "minecraft:any_of",
                  "terms": [
                    {
                      "condition": "minecraft:entity_scores",
                      "entity": "this",
                      "scores": {
                        "uhcp_aug_sh_item1": 6
                      }
                    },
                    {
                      "condition": "minecraft:entity_scores",
                      "entity": "this",
                      "scores": {
                        "uhcp_aug_sh_item2": 6
                      }
                    },
                    {
                      "condition": "minecraft:entity_scores",
                      "entity": "this",
                      "scores": {
                        "uhcp_aug_sh_item3": 6
                      }
                    },
                    {
                      "condition": "minecraft:entity_scores",
                      "entity": "this",
                      "scores": {
                        "uhcp_aug_sh_item4": 6
                      }
                    },
                    {
                      "condition": "minecraft:entity_scores",
                      "entity": "this",
                      "scores": {
                        "uhcp_aug_sh_item5": 6
                      }
                    },
                    {
                      "condition": "minecraft:entity_scores",
                      "entity": "this",
                      "scores": {
                        "uhcp_aug_sh_item6": 6
                      }
                    },
                    {
                      "condition": "minecraft:entity_scores",
                      "entity": "this",
                      "scores": {
                        "uhcp_aug_sh_item7": 6
                      }
                    }
                  ]
                }
              ]
            },
            {
              "function": "minecraft:set_lore",
              "entity": "this",
              "lore": [
                [
                  {
                    "text": "- ",
                    "italic": false
                  },
                  {
                    "text": "Glow Ink Sac",
                    "color": "blue"
                  }
                ]
              ],
              "mode": "append",
              "conditions": [
                {
                  "condition": "minecraft:any_of",
                  "terms": [
                    {
                      "condition": "minecraft:entity_scores",
                      "entity": "this",
                      "scores": {
                        "uhcp_aug_sh_item1": 7
                      }
                    },
                    {
                      "condition": "minecraft:entity_scores",
                      "entity": "this",
                      "scores": {
                        "uhcp_aug_sh_item2": 7
                      }
                    },
                    {
                      "condition": "minecraft:entity_scores",
                      "entity": "this",
                      "scores": {
                        "uhcp_aug_sh_item3": 7
                      }
                    },
                    {
                      "condition": "minecraft:entity_scores",
                      "entity": "this",
                      "scores": {
                        "uhcp_aug_sh_item4": 7
                      }
                    },
                    {
                      "condition": "minecraft:entity_scores",
                      "entity": "this",
                      "scores": {
                        "uhcp_aug_sh_item5": 7
                      }
                    },
                    {
                      "condition": "minecraft:entity_scores",
                      "entity": "this",
                      "scores": {
                        "uhcp_aug_sh_item6": 7
                      }
                    },
                    {
                      "condition": "minecraft:entity_scores",
                      "entity": "this",
                      "scores": {
                        "uhcp_aug_sh_item7": 7
                      }
                    }
                  ]
                }
              ]
            },
            {
              "function": "minecraft:set_lore",
              "entity": "this",
              "lore": [
                [
                  {
                    "text": "- ",
                    "italic": false
                  },
                  {
                    "text": "Saddle",
                    "color": "blue"
                  }
                ]
              ],
              "mode": "append",
              "conditions": [
                {
                  "condition": "minecraft:any_of",
                  "terms": [
                    {
                      "condition": "minecraft:entity_scores",
                      "entity": "this",
                      "scores": {
                        "uhcp_aug_sh_item1": 8
                      }
                    },
                    {
                      "condition": "minecraft:entity_scores",
                      "entity": "this",
                      "scores": {
                        "uhcp_aug_sh_item2": 8
                      }
                    },
                    {
                      "condition": "minecraft:entity_scores",
                      "entity": "this",
                      "scores": {
                        "uhcp_aug_sh_item3": 8
                      }
                    },
                    {
                      "condition": "minecraft:entity_scores",
                      "entity": "this",
                      "scores": {
                        "uhcp_aug_sh_item4": 8
                      }
                    },
                    {
                      "condition": "minecraft:entity_scores",
                      "entity": "this",
                      "scores": {
                        "uhcp_aug_sh_item5": 8
                      }
                    },
                    {
                      "condition": "minecraft:entity_scores",
                      "entity": "this",
                      "scores": {
                        "uhcp_aug_sh_item6": 8
                      }
                    },
                    {
                      "condition": "minecraft:entity_scores",
                      "entity": "this",
                      "scores": {
                        "uhcp_aug_sh_item7": 8
                      }
                    }
                  ]
                }
              ]
            },
            {
              "function": "minecraft:set_lore",
              "entity": "this",
              "lore": [
                [
                  {
                    "text": "- ",
                    "italic": false
                  },
                  {
                    "text": "Golden Carrot",
                    "color": "blue"
                  }
                ]
              ],
              "mode": "append",
              "conditions": [
                {
                  "condition": "minecraft:any_of",
                  "terms": [
                    {
                      "condition": "minecraft:entity_scores",
                      "entity": "this",
                      "scores": {
                        "uhcp_aug_sh_item1": 9
                      }
                    },
                    {
                      "condition": "minecraft:entity_scores",
                      "entity": "this",
                      "scores": {
                        "uhcp_aug_sh_item2": 9
                      }
                    },
                    {
                      "condition": "minecraft:entity_scores",
                      "entity": "this",
                      "scores": {
                        "uhcp_aug_sh_item3": 9
                      }
                    },
                    {
                      "condition": "minecraft:entity_scores",
                      "entity": "this",
                      "scores": {
                        "uhcp_aug_sh_item4": 9
                      }
                    },
                    {
                      "condition": "minecraft:entity_scores",
                      "entity": "this",
                      "scores": {
                        "uhcp_aug_sh_item5": 9
                      }
                    },
                    {
                      "condition": "minecraft:entity_scores",
                      "entity": "this",
                      "scores": {
                        "uhcp_aug_sh_item6": 9
                      }
                    },
                    {
                      "condition": "minecraft:entity_scores",
                      "entity": "this",
                      "scores": {
                        "uhcp_aug_sh_item7": 9
                      }
                    }
                  ]
                }
              ]
            },
            {
              "function": "minecraft:set_lore",
              "entity": "this",
              "lore": [
                [
                  {
                    "text": "- ",
                    "italic": false
                  },
                  {
                    "text": "Horse Armor",
                    "color": "blue"
                  }
                ]
              ],
              "mode": "append",
              "conditions": [
                {
                  "condition": "minecraft:any_of",
                  "terms": [
                    {
                      "condition": "minecraft:entity_scores",
                      "entity": "this",
                      "scores": {
                        "uhcp_aug_sh_item1": 10
                      }
                    },
                    {
                      "condition": "minecraft:entity_scores",
                      "entity": "this",
                      "scores": {
                        "uhcp_aug_sh_item2": 10
                      }
                    },
                    {
                      "condition": "minecraft:entity_scores",
                      "entity": "this",
                      "scores": {
                        "uhcp_aug_sh_item3": 10
                      }
                    },
                    {
                      "condition": "minecraft:entity_scores",
                      "entity": "this",
                      "scores": {
                        "uhcp_aug_sh_item4": 10
                      }
                    },
                    {
                      "condition": "minecraft:entity_scores",
                      "entity": "this",
                      "scores": {
                        "uhcp_aug_sh_item5": 10
                      }
                    },
                    {
                      "condition": "minecraft:entity_scores",
                      "entity": "this",
                      "scores": {
                        "uhcp_aug_sh_item6": 10
                      }
                    },
                    {
                      "condition": "minecraft:entity_scores",
                      "entity": "this",
                      "scores": {
                        "uhcp_aug_sh_item7": 10
                      }
                    }
                  ]
                }
              ]
            },
            {
              "function": "minecraft:set_lore",
              "entity": "this",
              "lore": [
                [
                  {
                    "text": "- ",
                    "italic": false
                  },
                  {
                    "text": "Block of Emerald",
                    "color": "blue"
                  }
                ]
              ],
              "mode": "append",
              "conditions": [
                {
                  "condition": "minecraft:any_of",
                  "terms": [
                    {
                      "condition": "minecraft:entity_scores",
                      "entity": "this",
                      "scores": {
                        "uhcp_aug_sh_item1": 11
                      }
                    },
                    {
                      "condition": "minecraft:entity_scores",
                      "entity": "this",
                      "scores": {
                        "uhcp_aug_sh_item2": 11
                      }
                    },
                    {
                      "condition": "minecraft:entity_scores",
                      "entity": "this",
                      "scores": {
                        "uhcp_aug_sh_item3": 11
                      }
                    },
                    {
                      "condition": "minecraft:entity_scores",
                      "entity": "this",
                      "scores": {
                        "uhcp_aug_sh_item4": 11
                      }
                    },
                    {
                      "condition": "minecraft:entity_scores",
                      "entity": "this",
                      "scores": {
                        "uhcp_aug_sh_item5": 11
                      }
                    },
                    {
                      "condition": "minecraft:entity_scores",
                      "entity": "this",
                      "scores": {
                        "uhcp_aug_sh_item6": 11
                      }
                    },
                    {
                      "condition": "minecraft:entity_scores",
                      "entity": "this",
                      "scores": {
                        "uhcp_aug_sh_item7": 11
                      }
                    }
                  ]
                }
              ]
            },
            {
              "function": "minecraft:set_lore",
              "entity": "this",
              "lore": [
                [
                  {
                    "text": "- ",
                    "italic": false
                  },
                  {
                    "text": "Sculk Shrieker",
                    "color": "blue"
                  }
                ]
              ],
              "mode": "append",
              "conditions": [
                {
                  "condition": "minecraft:any_of",
                  "terms": [
                    {
                      "condition": "minecraft:entity_scores",
                      "entity": "this",
                      "scores": {
                        "uhcp_aug_sh_item1": 12
                      }
                    },
                    {
                      "condition": "minecraft:entity_scores",
                      "entity": "this",
                      "scores": {
                        "uhcp_aug_sh_item2": 12
                      }
                    },
                    {
                      "condition": "minecraft:entity_scores",
                      "entity": "this",
                      "scores": {
                        "uhcp_aug_sh_item3": 12
                      }
                    },
                    {
                      "condition": "minecraft:entity_scores",
                      "entity": "this",
                      "scores": {
                        "uhcp_aug_sh_item4": 12
                      }
                    },
                    {
                      "condition": "minecraft:entity_scores",
                      "entity": "this",
                      "scores": {
                        "uhcp_aug_sh_item5": 12
                      }
                    },
                    {
                      "condition": "minecraft:entity_scores",
                      "entity": "this",
                      "scores": {
                        "uhcp_aug_sh_item6": 12
                      }
                    },
                    {
                      "condition": "minecraft:entity_scores",
                      "entity": "this",
                      "scores": {
                        "uhcp_aug_sh_item7": 12
                      }
                    }
                  ]
                }
              ]
            },
            {
              "function": "minecraft:set_lore",
              "entity": "this",
              "lore": [
                [
                  {
                    "text": "- ",
                    "italic": false
                  },
                  {
                    "text": "Magma Cream",
                    "color": "blue"
                  }
                ]
              ],
              "mode": "append",
              "conditions": [
                {
                  "condition": "minecraft:any_of",
                  "terms": [
                    {
                      "condition": "minecraft:entity_scores",
                      "entity": "this",
                      "scores": {
                        "uhcp_aug_sh_item1": 13
                      }
                    },
                    {
                      "condition": "minecraft:entity_scores",
                      "entity": "this",
                      "scores": {
                        "uhcp_aug_sh_item2": 13
                      }
                    },
                    {
                      "condition": "minecraft:entity_scores",
                      "entity": "this",
                      "scores": {
                        "uhcp_aug_sh_item3": 13
                      }
                    },
                    {
                      "condition": "minecraft:entity_scores",
                      "entity": "this",
                      "scores": {
                        "uhcp_aug_sh_item4": 13
                      }
                    },
                    {
                      "condition": "minecraft:entity_scores",
                      "entity": "this",
                      "scores": {
                        "uhcp_aug_sh_item5": 13
                      }
                    },
                    {
                      "condition": "minecraft:entity_scores",
                      "entity": "this",
                      "scores": {
                        "uhcp_aug_sh_item6": 13
                      }
                    },
                    {
                      "condition": "minecraft:entity_scores",
                      "entity": "this",
                      "scores": {
                        "uhcp_aug_sh_item7": 13
                      }
                    }
                  ]
                }
              ]
            },
            {
              "function": "minecraft:set_lore",
              "entity": "this",
              "lore": [
                [
                  {
                    "text": "- ",
                    "italic": false
                  },
                  {
                    "text": "Pumpkin Pie",
                    "color": "blue"
                  }
                ]
              ],
              "mode": "append",
              "conditions": [
                {
                  "condition": "minecraft:any_of",
                  "terms": [
                    {
                      "condition": "minecraft:entity_scores",
                      "entity": "this",
                      "scores": {
                        "uhcp_aug_sh_item1": 14
                      }
                    },
                    {
                      "condition": "minecraft:entity_scores",
                      "entity": "this",
                      "scores": {
                        "uhcp_aug_sh_item2": 14
                      }
                    },
                    {
                      "condition": "minecraft:entity_scores",
                      "entity": "this",
                      "scores": {
                        "uhcp_aug_sh_item3": 14
                      }
                    },
                    {
                      "condition": "minecraft:entity_scores",
                      "entity": "this",
                      "scores": {
                        "uhcp_aug_sh_item4": 14
                      }
                    },
                    {
                      "condition": "minecraft:entity_scores",
                      "entity": "this",
                      "scores": {
                        "uhcp_aug_sh_item5": 14
                      }
                    },
                    {
                      "condition": "minecraft:entity_scores",
                      "entity": "this",
                      "scores": {
                        "uhcp_aug_sh_item6": 14
                      }
                    },
                    {
                      "condition": "minecraft:entity_scores",
                      "entity": "this",
                      "scores": {
                        "uhcp_aug_sh_item7": 14
                      }
                    }
                  ]
                }
              ]
            },
            {
              "function": "minecraft:set_lore",
              "entity": "this",
              "lore": [
                [
                  {
                    "text": "- ",
                    "italic": false
                  },
                  {
                    "text": "Cake",
                    "color": "blue"
                  }
                ]
              ],
              "mode": "append",
              "conditions": [
                {
                  "condition": "minecraft:any_of",
                  "terms": [
                    {
                      "condition": "minecraft:entity_scores",
                      "entity": "this",
                      "scores": {
                        "uhcp_aug_sh_item1": 15
                      }
                    },
                    {
                      "condition": "minecraft:entity_scores",
                      "entity": "this",
                      "scores": {
                        "uhcp_aug_sh_item2": 15
                      }
                    },
                    {
                      "condition": "minecraft:entity_scores",
                      "entity": "this",
                      "scores": {
                        "uhcp_aug_sh_item3": 15
                      }
                    },
                    {
                      "condition": "minecraft:entity_scores",
                      "entity": "this",
                      "scores": {
                        "uhcp_aug_sh_item4": 15
                      }
                    },
                    {
                      "condition": "minecraft:entity_scores",
                      "entity": "this",
                      "scores": {
                        "uhcp_aug_sh_item5": 15
                      }
                    },
                    {
                      "condition": "minecraft:entity_scores",
                      "entity": "this",
                      "scores": {
                        "uhcp_aug_sh_item6": 15
                      }
                    },
                    {
                      "condition": "minecraft:entity_scores",
                      "entity": "this",
                      "scores": {
                        "uhcp_aug_sh_item7": 15
                      }
                    }
                  ]
                }
              ]
            },
            {
              "function": "minecraft:set_lore",
              "entity": "this",
              "lore": [
                [
                  {
                    "text": "- ",
                    "italic": false
                  },
                  {
                    "text": "Minecart with TNT",
                    "color": "blue"
                  }
                ]
              ],
              "mode": "append",
              "conditions": [
                {
                  "condition": "minecraft:any_of",
                  "terms": [
                    {
                      "condition": "minecraft:entity_scores",
                      "entity": "this",
                      "scores": {
                        "uhcp_aug_sh_item1": 16
                      }
                    },
                    {
                      "condition": "minecraft:entity_scores",
                      "entity": "this",
                      "scores": {
                        "uhcp_aug_sh_item2": 16
                      }
                    },
                    {
                      "condition": "minecraft:entity_scores",
                      "entity": "this",
                      "scores": {
                        "uhcp_aug_sh_item3": 16
                      }
                    },
                    {
                      "condition": "minecraft:entity_scores",
                      "entity": "this",
                      "scores": {
                        "uhcp_aug_sh_item4": 16
                      }
                    },
                    {
                      "condition": "minecraft:entity_scores",
                      "entity": "this",
                      "scores": {
                        "uhcp_aug_sh_item5": 16
                      }
                    },
                    {
                      "condition": "minecraft:entity_scores",
                      "entity": "this",
                      "scores": {
                        "uhcp_aug_sh_item6": 16
                      }
                    },
                    {
                      "condition": "minecraft:entity_scores",
                      "entity": "this",
                      "scores": {
                        "uhcp_aug_sh_item7": 16
                      }
                    }
                  ]
                }
              ]
            },
            {
              "function": "minecraft:set_lore",
              "entity": "this",
              "lore": [
                [
                  {
                    "text": "- ",
                    "italic": false
                  },
                  {
                    "text": "Blue Ice",
                    "color": "blue"
                  }
                ]
              ],
              "mode": "append",
              "conditions": [
                {
                  "condition": "minecraft:any_of",
                  "terms": [
                    {
                      "condition": "minecraft:entity_scores",
                      "entity": "this",
                      "scores": {
                        "uhcp_aug_sh_item1": 17
                      }
                    },
                    {
                      "condition": "minecraft:entity_scores",
                      "entity": "this",
                      "scores": {
                        "uhcp_aug_sh_item2": 17
                      }
                    },
                    {
                      "condition": "minecraft:entity_scores",
                      "entity": "this",
                      "scores": {
                        "uhcp_aug_sh_item3": 17
                      }
                    },
                    {
                      "condition": "minecraft:entity_scores",
                      "entity": "this",
                      "scores": {
                        "uhcp_aug_sh_item4": 17
                      }
                    },
                    {
                      "condition": "minecraft:entity_scores",
                      "entity": "this",
                      "scores": {
                        "uhcp_aug_sh_item5": 17
                      }
                    },
                    {
                      "condition": "minecraft:entity_scores",
                      "entity": "this",
                      "scores": {
                        "uhcp_aug_sh_item6": 17
                      }
                    },
                    {
                      "condition": "minecraft:entity_scores",
                      "entity": "this",
                      "scores": {
                        "uhcp_aug_sh_item7": 17
                      }
                    }
                  ]
                }
              ]
            },
            {
              "function": "minecraft:set_lore",
              "entity": "this",
              "lore": [
                [
                  {
                    "text": "- ",
                    "italic": false
                  },
                  {
                    "text": "Rabbit Hide",
                    "color": "blue"
                  }
                ]
              ],
              "mode": "append",
              "conditions": [
                {
                  "condition": "minecraft:any_of",
                  "terms": [
                    {
                      "condition": "minecraft:entity_scores",
                      "entity": "this",
                      "scores": {
                        "uhcp_aug_sh_item1": 18
                      }
                    },
                    {
                      "condition": "minecraft:entity_scores",
                      "entity": "this",
                      "scores": {
                        "uhcp_aug_sh_item2": 18
                      }
                    },
                    {
                      "condition": "minecraft:entity_scores",
                      "entity": "this",
                      "scores": {
                        "uhcp_aug_sh_item3": 18
                      }
                    },
                    {
                      "condition": "minecraft:entity_scores",
                      "entity": "this",
                      "scores": {
                        "uhcp_aug_sh_item4": 18
                      }
                    },
                    {
                      "condition": "minecraft:entity_scores",
                      "entity": "this",
                      "scores": {
                        "uhcp_aug_sh_item5": 18
                      }
                    },
                    {
                      "condition": "minecraft:entity_scores",
                      "entity": "this",
                      "scores": {
                        "uhcp_aug_sh_item6": 18
                      }
                    },
                    {
                      "condition": "minecraft:entity_scores",
                      "entity": "this",
                      "scores": {
                        "uhcp_aug_sh_item7": 18
                      }
                    }
                  ]
                }
              ]
            },
            {
              "function": "minecraft:set_lore",
              "entity": "this",
              "lore": [
                [
                  {
                    "text": "- ",
                    "italic": false
                  },
                  {
                    "text": "Bell",
                    "color": "blue"
                  }
                ]
              ],
              "mode": "append",
              "conditions": [
                {
                  "condition": "minecraft:any_of",
                  "terms": [
                    {
                      "condition": "minecraft:entity_scores",
                      "entity": "this",
                      "scores": {
                        "uhcp_aug_sh_item1": 19
                      }
                    },
                    {
                      "condition": "minecraft:entity_scores",
                      "entity": "this",
                      "scores": {
                        "uhcp_aug_sh_item2": 19
                      }
                    },
                    {
                      "condition": "minecraft:entity_scores",
                      "entity": "this",
                      "scores": {
                        "uhcp_aug_sh_item3": 19
                      }
                    },
                    {
                      "condition": "minecraft:entity_scores",
                      "entity": "this",
                      "scores": {
                        "uhcp_aug_sh_item4": 19
                      }
                    },
                    {
                      "condition": "minecraft:entity_scores",
                      "entity": "this",
                      "scores": {
                        "uhcp_aug_sh_item5": 19
                      }
                    },
                    {
                      "condition": "minecraft:entity_scores",
                      "entity": "this",
                      "scores": {
                        "uhcp_aug_sh_item6": 19
                      }
                    },
                    {
                      "condition": "minecraft:entity_scores",
                      "entity": "this",
                      "scores": {
                        "uhcp_aug_sh_item7": 19
                      }
                    }
                  ]
                }
              ]
            }
          ]
        }
      ]
    }
  ]
}