{
  "pools": [
    {
      "rolls": 1,
      "entries": [
        {
          "type": "minecraft:item",
          "name": "minecraft:melon_slice",
          "weight": 1,
          "functions": [
            {
              "function": "minecraft:set_count",
              "count": 1
            },
            {
              "function": "minecraft:set_components",
              "components": {
                "!minecraft:consumable": {},
                "!minecraft:food": {}
              }
            },
            {
              "function": "minecraft:set_custom_data",
              "tag": "{uhcp_augSelect:1b,augment:112s}"
            },
            {
              "function": "minecraft:set_name",
              "target": "item_name",
              "name": [
                {
                  "text": "Healing Orbs I",
                  "color": "gray",
                  "bold": true
                }
              ]
            },
            {
              "function": "minecraft:set_lore",
              "lore": [
                {
                  "text": "------------------------",
                  "color": "blue"
                },
                [
                  {
                    "text": "When a player dies 10 blocks near you, heal",
                    "color": "gray"
                  },
                  {
                    "text": " 2🖤",
                    "color": "red"
                  },
                  {
                    "text": ".",
                    "color": "gray"
                  }
                ]
              ],
              "mode": "replace_all"
            }
          ],
          "conditions": [
            {
              "condition": "minecraft:inverted",
              "term": {
                "condition": "minecraft:entity_properties",
                "entity": "this",
                "predicate": {
                  "slots": {
                    "container.*": {
                      "predicates": {
                        "minecraft:custom_data": "{augment:112s}"
                      }
                    }
                  }
                }
              }
            }
          ]
        },
        {
          "type": "minecraft:item",
          "name": "minecraft:diamond",
          "weight": 1,
          "functions": [
            {
              "function": "minecraft:set_count",
              "count": 1
            },
            {
              "function": "minecraft:set_custom_data",
              "tag": "{uhcp_augSelect:1b,augment:130s}"
            },
            {
              "function": "minecraft:set_name",
              "target": "item_name",
              "name": [
                {
                  "text": "Supply Drop",
                  "color": "gray",
                  "bold": true
                }
              ]
            },
            {
              "function": "minecraft:set_lore",
              "lore": [
                {
                  "text": "------------------------",
                  "color": "blue"
                },
                [
                  {
                    "text": "Gain 32",
                    "color": "gray"
                  },
                  {
                    "text": " Diamonds",
                    "color": "white"
                  },
                  {
                    "text": " after 30 minutes.",
                    "color": "gray"
                  }
                ]
              ],
              "mode": "replace_all"
            }
          ],
          "conditions": [
            {
              "condition": "minecraft:inverted",
              "term": {
                "condition": "minecraft:entity_properties",
                "entity": "this",
                "predicate": {
                  "slots": {
                    "container.*": {
                      "predicates": {
                        "minecraft:custom_data": "{augment:130s}"
                      }
                    }
                  }
                }
              }
            }
          ]
        },
        {
          "type": "minecraft:item",
          "name": "minecraft:player_head",
          "weight": 1,
          "functions": [
            {
              "function": "minecraft:set_components",
              "components": {
                "!minecraft:equippable": {},
                "minecraft:profile": {
                  "id": [
                    391589697,
                    -1165538826,
                    -1476302753,
                    791818850
                  ],
                  "properties": [
                    {
                      "name": "textures",
                      "value": "eyJ0ZXh0dXJlcyI6eyJTS0lOIjp7InVybCI6Imh0dHA6Ly90ZXh0dXJlcy5taW5lY3JhZnQubmV0L3RleHR1cmUvZmU1NTIyYzNmMzBlMzY3NDYwNDFmODU0ZWExZmU2NjNiYzkyNjc1MTk0N2FiMWFkNTY1ODFhOGJjNjU3MjI5OSJ9fX0="
                    }
                  ]
                }
              }
            },
            {
              "function": "minecraft:set_count",
              "count": 1
            },
            {
              "function": "minecraft:set_custom_data",
              "tag": "{uhcp_augSelect:1b,augment:138s}"
            },
            {
              "function": "minecraft:set_name",
              "target": "item_name",
              "name": [
                {
                  "text": "Crazy Cat Lady",
                  "color": "gray",
                  "bold": true
                }
              ]
            },
            {
              "function": "minecraft:set_lore",
              "lore": [
                {
                  "text": "------------------------",
                  "color": "blue"
                },
                [
                  {
                    "text": "Every minute, heal",
                    "color": "gray"
                  },
                  {
                    "text": " 0.5🖤",
                    "color": "red"
                  }
                ],
                [
                  {
                    "text": "for every",
                    "color": "gray"
                  },
                  {
                    "text": " Cat",
                    "color": "blue"
                  },
                  {
                    "text": " you own.",
                    "color": "gray"
                  }
                ],
                [
                  {
                    "text": "Gain 2",
                    "color": "gray"
                  },
                  {
                    "text": " Cat Spawn Eggs",
                    "color": "white"
                  }
                ],
                [
                  {
                    "text": "and 12",
                    "color": "gray"
                  },
                  {
                    "text": " Raw Cod",
                    "color": "white"
                  },
                  {
                    "text": ".",
                    "color": "gray"
                  }
                ]
              ],
              "mode": "replace_all"
            }
          ],
          "conditions": [
            {
              "condition": "minecraft:inverted",
              "term": {
                "condition": "minecraft:entity_properties",
                "entity": "this",
                "predicate": {
                  "slots": {
                    "container.*": {
                      "predicates": {
                        "minecraft:custom_data": "{augment:138s}"
                      }
                    }
                  }
                }
              }
            }
          ]
        },
        {
          "type": "minecraft:item",
          "name": "minecraft:white_stained_glass_pane",
          "weight": 1,
          "functions": [
            {
              "function": "minecraft:set_count",
              "count": 1
            },
            {
              "function": "minecraft:set_custom_data",
              "tag": "{uhcp_augSelect:1b,augment:105s}"
            },
            {
              "function": "minecraft:set_name",
              "target": "item_name",
              "name": [
                {
                  "text": "Mirror Image",
                  "color": "gray",
                  "bold": true
                }
              ]
            },
            {
              "function": "minecraft:set_lore",
              "lore": [
                {
                  "text": "------------------------",
                  "color": "blue"
                },
                [
                  {
                    "text": "The first time you fall below",
                    "color": "gray"
                  },
                  {
                    "text": " 8🖤",
                    "color": "red"
                  },
                  {
                    "text": ", ",
                    "color": "gray"
                  }
                ],
                [
                  {
                    "text": "gain",
                    "color": "gray"
                  },
                  {
                    "text": " Speed I",
                    "color": "yellow"
                  },
                  {
                    "text": " and",
                    "color": "gray"
                  },
                  {
                    "text": " Invisibility",
                    "color": "yellow"
                  },
                  {
                    "text": " for 30",
                    "color": "gray"
                  }
                ],
                [
                  {
                    "text": "seconds and spawn 2",
                    "color": "gray"
                  },
                  {
                    "text": " Mirages",
                    "color": "blue"
                  },
                  {
                    "text": ".",
                    "color": "gray"
                  }
                ],
                {
                  "text": "",
                  "color": "gray"
                },
                [
                  {
                    "text": "(While",
                    "color": "dark_gray"
                  },
                  {
                    "text": " Invisible",
                    "color": "yellow"
                  },
                  {
                    "text": ", your armor and offhand"
                  }
                ],
                [
                  {
                    "text": "are temporarily unequipped.)",
                    "color": "dark_gray"
                  }
                ]
              ],
              "mode": "replace_all"
            }
          ],
          "conditions": [
            {
              "condition": "minecraft:inverted",
              "term": {
                "condition": "minecraft:entity_properties",
                "entity": "this",
                "predicate": {
                  "slots": {
                    "container.*": {
                      "predicates": {
                        "minecraft:custom_data": "{augment:105s}"
                      }
                    }
                  }
                }
              }
            }
          ]
        },
        {
          "type": "minecraft:item",
          "name": "minecraft:compass",
          "weight": 1,
          "functions": [
            {
              "function": "minecraft:set_count",
              "count": 1
            },
            {
              "function": "minecraft:set_custom_data",
              "tag": "{uhcp_augSelect:1b,augment:120s}"
            },
            {
              "function": "minecraft:set_name",
              "target": "item_name",
              "name": [
                {
                  "text": "On the Hunt",
                  "color": "gray",
                  "bold": true
                }
              ]
            },
            {
              "function": "minecraft:set_lore",
              "lore": [
                {
                  "text": "------------------------",
                  "color": "blue"
                },
                [
                  {
                    "text": "Gain a",
                    "color": "gray"
                  },
                  {
                    "text": " Player Tracking Compass",
                    "color": "light_purple"
                  },
                  {
                    "text": " after",
                    "color": "gray"
                  }
                ],
                {
                  "text": "20 minutes.",
                  "color": "gray"
                }
              ],
              "mode": "replace_all"
            }
          ],
          "conditions": [
            {
              "condition": "minecraft:inverted",
              "term": {
                "condition": "minecraft:entity_properties",
                "entity": "this",
                "predicate": {
                  "slots": {
                    "container.*": {
                      "predicates": {
                        "minecraft:custom_data": "{augment:120s}"
                      }
                    }
                  }
                }
              }
            }
          ]
        },
        {
          "type": "minecraft:item",
          "name": "minecraft:gold_ingot",
          "weight": 1,
          "functions": [
            {
              "function": "minecraft:set_count",
              "count": 1
            },
            {
              "function": "minecraft:set_custom_data",
              "tag": "{uhcp_augSelect:1b,augment:117s}"
            },
            {
              "function": "minecraft:set_name",
              "target": "item_name",
              "name": [
                {
                  "text": "Late Game Specialist",
                  "color": "gray",
                  "bold": true
                }
              ]
            },
            {
              "function": "minecraft:set_lore",
              "lore": [
                {
                  "text": "------------------------",
                  "color": "blue"
                },
                [
                  {
                    "text": "Gain 32 ",
                    "color": "gray"
                  },
                  {
                    "text": "Gold Ingots",
                    "color": "white"
                  },
                  {
                    "text": " upon reaching",
                    "color": "gray"
                  }
                ],
                {
                  "text": "Level 25.",
                  "color": "gray"
                }
              ],
              "mode": "replace_all"
            }
          ],
          "conditions": [
            {
              "condition": "minecraft:inverted",
              "term": {
                "condition": "minecraft:entity_properties",
                "entity": "this",
                "predicate": {
                  "slots": {
                    "container.*": {
                      "predicates": {
                        "minecraft:custom_data": "{augment:117s}"
                      }
                    }
                  }
                }
              }
            }
          ]
        },
        {
          "type": "minecraft:item",
          "name": "minecraft:barrel",
          "weight": 1,
          "functions": [
            {
              "function": "minecraft:set_custom_data",
              "tag": "{uhcp_augSelect:1b,augment:108s}"
            },
            {
              "function": "minecraft:set_name",
              "target": "item_name",
              "name": [
                {
                  "text": "Drunken Stupor",
                  "color": "gray",
                  "bold": true
                }
              ]
            },
            {
              "function": "minecraft:set_lore",
              "lore": [
                {
                  "text": "------------------------",
                  "color": "blue",
                  "bold": true
                },
                [
                  {
                    "text": "Start the game with",
                    "color": "gray"
                  },
                  {
                    "text": " Nausea",
                    "color": "yellow"
                  },
                  {
                    "text": " for 3 minutes.",
                    "color": "gray"
                  }
                ],
                [
                  {
                    "text": "Gain",
                    "color": "gray"
                  },
                  {
                    "text": " Strength I and Resistance I",
                    "color": "yellow"
                  },
                  {
                    "text": " for 25",
                    "color": "gray"
                  }
                ],
                {
                  "text": "minutes after.",
                  "color": "gray"
                }
              ],
              "mode": "replace_all"
            }
          ],
          "conditions": [
            {
              "condition": "minecraft:inverted",
              "term": {
                "condition": "minecraft:entity_properties",
                "entity": "this",
                "predicate": {
                  "slots": {
                    "container.*": {
                      "predicates": {
                        "minecraft:custom_data": "{augment:108s}"
                      }
                    }
                  }
                }
              }
            }
          ]
        },
        {
          "type": "minecraft:item",
          "name": "minecraft:gold_nugget",
          "weight": 1,
          "functions": [
            {
              "function": "minecraft:set_count",
              "count": 1
            },
            {
              "function": "minecraft:set_custom_data",
              "tag": "{uhcp_augSelect:1b,augment:107s}"
            },
            {
              "function": "minecraft:set_name",
              "target": "item_name",
              "name": [
                {
                  "text": "Drip Economy I",
                  "color": "gray",
                  "bold": true
                }
              ]
            },
            {
              "function": "minecraft:set_lore",
              "lore": [
                {
                  "text": "------------------------",
                  "color": "blue",
                  "bold": true
                },
                [
                  {
                    "text": "Gain 8",
                    "color": "gray"
                  },
                  {
                    "text": " Gold Ingots",
                    "color": "white"
                  },
                  {
                    "text": " now and another every",
                    "color": "gray"
                  }
                ],
                {
                  "text": "4 minutes.",
                  "color": "gray"
                }
              ],
              "mode": "replace_all"
            }
          ],
          "conditions": [
            {
              "condition": "minecraft:inverted",
              "term": {
                "condition": "minecraft:entity_properties",
                "entity": "this",
                "predicate": {
                  "slots": {
                    "container.*": {
                      "predicates": {
                        "minecraft:custom_data": "{augment:107s}"
                      }
                    }
                  }
                }
              }
            }
          ]
        },
        {
          "type": "minecraft:item",
          "name": "minecraft:clock",
          "weight": 1,
          "functions": [
            {
              "function": "minecraft:set_count",
              "count": 1
            },
            {
              "function": "minecraft:set_custom_data",
              "tag": "{uhcp_augSelect:1b,augment:101s}"
            },
            {
              "function": "minecraft:set_name",
              "target": "item_name",
              "name": [
                {
                  "text": "AFK",
                  "color": "gray",
                  "bold": true
                }
              ]
            },
            {
              "function": "minecraft:set_lore",
              "lore": [
                {
                  "text": "------------------------",
                  "color": "blue",
                  "bold": true
                },
                {
                  "text": "You cannot move or attack for 3 minutes.",
                  "color": "gray"
                },
                [
                  {
                    "text": "Gain 24",
                    "color": "gray"
                  },
                  {
                    "text": " Gold Ingots",
                    "color": "white"
                  },
                  {
                    "text": " after.",
                    "color": "gray"
                  }
                ]
              ],
              "mode": "replace_all"
            }
          ],
          "conditions": [
            {
              "condition": "minecraft:inverted",
              "term": {
                "condition": "minecraft:entity_properties",
                "entity": "this",
                "predicate": {
                  "slots": {
                    "container.*": {
                      "predicates": {
                        "minecraft:custom_data": "{augment:101s}"
                      }
                    }
                  }
                }
              }
            }
          ]
        },
        {
          "type": "minecraft:item",
          "name": "minecraft:slime_ball",
          "weight": 1,
          "functions": [
            {
              "function": "minecraft:set_count",
              "count": 1
            },
            {
              "function": "minecraft:set_custom_data",
              "tag": "{uhcp_augSelect:1b,augment:100s}"
            },
            {
              "function": "minecraft:set_name",
              "target": "item_name",
              "name": [
                {
                  "text": "!shoma",
                  "color": "gray",
                  "bold": true
                }
              ]
            },
            {
              "function": "minecraft:set_lore",
              "lore": [
                {
                  "text": "------------------------",
                  "color": "blue",
                  "bold": true
                },
                [
                  {
                    "text": "Gain 3 ",
                    "color": "gray"
                  },
                  {
                    "text": "Slime Balls",
                    "color": "white"
                  },
                  {
                    "text": ", 3 "
                  },
                  {
                    "text": "Snow Balls",
                    "color": "white"
                  },
                  {
                    "text": ","
                  }
                ],
                [
                  {
                    "text": "3 ",
                    "color": "gray"
                  },
                  {
                    "text": "Clay Balls",
                    "color": "white"
                  },
                  {
                    "text": ", and 3 "
                  },
                  {
                    "text": "Ender Pearls",
                    "color": "white"
                  },
                  {
                    "text": "."
                  }
                ],
                {
                  "text": "\"balls\"",
                  "color": "gold",
                  "bold": true,
                  "italic": false
                }
              ],
              "mode": "replace_all"
            }
          ],
          "conditions": [
            {
              "condition": "minecraft:inverted",
              "term": {
                "condition": "minecraft:entity_properties",
                "entity": "this",
                "predicate": {
                  "slots": {
                    "container.*": {
                      "predicates": {
                        "minecraft:custom_data": "{augment:100s}"
                      }
                    }
                  }
                }
              }
            }
          ]
        },
        {
          "type": "minecraft:item",
          "name": "minecraft:light_gray_dye",
          "weight": 1,
          "functions": [
            {
              "function": "minecraft:set_count",
              "count": 1
            },
            {
              "function": "minecraft:set_custom_data",
              "tag": "{uhcp_augSelect:1b,augment:125s}"
            },
            {
              "function": "minecraft:set_name",
              "target": "item_name",
              "name": [
                {
                  "text": "Sneaky",
                  "color": "gray",
                  "bold": true
                }
              ]
            },
            {
              "function": "minecraft:set_lore",
              "lore": [
                {
                  "text": "------------------------",
                  "color": "blue",
                  "bold": true
                },
                [
                  {
                    "text": "Gain an ",
                    "color": "gray"
                  },
                  {
                    "text": "Invisibility Potion",
                    "color": "white"
                  },
                  {
                    "text": " and "
                  },
                  {
                    "text": "Speed Potion",
                    "color": "white"
                  },
                  {
                    "text": "."
                  }
                ],
                {
                  "text": "(8 minute duration)",
                  "color": "gray"
                },
                [
                  {
                    "text": "You cannot be seen by ",
                    "color": "gray"
                  },
                  {
                    "text": "All-Seeing Eyes",
                    "color": "light_purple"
                  },
                  {
                    "text": "."
                  }
                ]
              ],
              "mode": "replace_all"
            }
          ],
          "conditions": [
            {
              "condition": "minecraft:inverted",
              "term": {
                "condition": "minecraft:entity_properties",
                "entity": "this",
                "predicate": {
                  "slots": {
                    "container.*": {
                      "predicates": {
                        "minecraft:custom_data": "{augment:125s}"
                      }
                    }
                  }
                }
              }
            }
          ]
        },
        {
          "type": "minecraft:item",
          "name": "minecraft:iron_bars",
          "weight": 1,
          "functions": [
            {
              "function": "minecraft:set_count",
              "count": 1
            },
            {
              "function": "minecraft:set_custom_data",
              "tag": "{uhcp_augSelect:1b,augment:115s}"
            },
            {
              "function": "minecraft:set_name",
              "target": "item_name",
              "name": [
                {
                  "text": "Iron Will",
                  "color": "gray",
                  "bold": true
                }
              ]
            },
            {
              "function": "minecraft:set_lore",
              "lore": [
                {
                  "text": "------------------------",
                  "color": "blue",
                  "bold": true
                },
                [
                  {
                    "text": "You are ",
                    "color": "gray"
                  },
                  {
                    "text": "invulnerable",
                    "color": "yellow"
                  },
                  {
                    "text": " during the Grace Period.",
                    "color": "gray"
                  }
                ],
                [
                  {
                    "text": "Invulnerability",
                    "color": "yellow"
                  },
                  {
                    "text": " lasts for at least 3 minutes.",
                    "color": "gray"
                  }
                ]
              ],
              "mode": "replace_all"
            }
          ],
          "conditions": [
            {
              "condition": "minecraft:inverted",
              "term": {
                "condition": "minecraft:entity_properties",
                "entity": "this",
                "predicate": {
                  "slots": {
                    "container.*": {
                      "predicates": {
                        "minecraft:custom_data": "{augment:115s}"
                      }
                    }
                  }
                }
              }
            }
          ]
        },
        {
          "type": "minecraft:item",
          "name": "minecraft:shulker_box",
          "weight": 1,
          "functions": [
            {
              "function": "minecraft:set_count",
              "count": 1
            },
            {
              "function": "minecraft:set_custom_data",
              "tag": "{uhcp_augSelect:1b,augment:129s}"
            },
            {
              "function": "minecraft:set_name",
              "target": "item_name",
              "name": [
                {
                  "text": "Storage Solution",
                  "color": "gray",
                  "bold": true
                }
              ]
            },
            {
              "function": "minecraft:set_lore",
              "lore": [
                {
                  "text": "------------------------",
                  "color": "blue",
                  "bold": true
                },
                [
                  {
                    "text": "Gain a",
                    "color": "gray"
                  },
                  {
                    "text": " Shulker Box",
                    "color": "white"
                  },
                  {
                    "text": " and a ",
                    "color": "gray"
                  }
                ],
                [
                  {
                    "text": "Golden Apple",
                    "color": "white"
                  },
                  {
                    "text": ".",
                    "color": "gray"
                  }
                ]
              ],
              "mode": "replace_all"
            }
          ],
          "conditions": [
            {
              "condition": "minecraft:inverted",
              "term": {
                "condition": "minecraft:entity_properties",
                "entity": "this",
                "predicate": {
                  "slots": {
                    "container.*": {
                      "predicates": {
                        "minecraft:custom_data": "{augment:129s}"
                      }
                    }
                  }
                }
              }
            }
          ]
        },
        {
          "type": "minecraft:item",
          "name": "minecraft:cobweb",
          "weight": 1,
          "functions": [
            {
              "function": "minecraft:set_count",
              "count": 1
            },
            {
              "function": "minecraft:set_custom_data",
              "tag": "{uhcp_augSelect:1b,augment:128s}"
            },
            {
              "function": "minecraft:set_name",
              "target": "item_name",
              "name": [
                {
                  "text": "Sticky Situation",
                  "color": "gray",
                  "bold": true
                }
              ]
            },
            {
              "function": "minecraft:set_lore",
              "lore": [
                {
                  "text": "------------------------",
                  "color": "blue",
                  "bold": true
                },
                [
                  {
                    "text": "Gain 16 ",
                    "color": "gray"
                  },
                  {
                    "text": "Cobwebs",
                    "color": "white"
                  },
                  {
                    "text": ", 2 "
                  },
                  {
                    "text": "Slime Blocks",
                    "color": "white"
                  },
                  {
                    "text": ","
                  }
                ],
                [
                  {
                    "text": "and a ",
                    "color": "gray"
                  },
                  {
                    "text": "Royal Jelly",
                    "color": "white"
                  },
                  {
                    "text": ".",
                    "color": "gray"
                  }
                ]
              ],
              "mode": "replace_all"
            }
          ],
          "conditions": [
            {
              "condition": "minecraft:inverted",
              "term": {
                "condition": "minecraft:entity_properties",
                "entity": "this",
                "predicate": {
                  "slots": {
                    "container.*": {
                      "predicates": {
                        "minecraft:custom_data": "{augment:128s}"
                      }
                    }
                  }
                }
              }
            }
          ]
        },
        {
          "type": "minecraft:item",
          "name": "minecraft:chest",
          "weight": 1,
          "functions": [
            {
              "function": "minecraft:set_count",
              "count": 1
            },
            {
              "function": "minecraft:set_custom_data",
              "tag": "{uhcp_augSelect:1b,augment:127s}"
            },
            {
              "function": "minecraft:set_name",
              "target": "item_name",
              "name": [
                {
                  "text": "Starter Kit I",
                  "color": "gray",
                  "bold": true
                }
              ]
            },
            {
              "function": "minecraft:set_lore",
              "lore": [
                {
                  "text": "------------------------",
                  "color": "blue",
                  "bold": true
                },
                [
                  {
                    "text": "Gain a set of",
                    "color": "gray"
                  },
                  {
                    "text": " Stone Tools",
                    "color": "white"
                  },
                  {
                    "text": " with",
                    "color": "gray"
                  }
                ],
                [
                  {
                    "text": "Efficiency I",
                    "color": "dark_purple"
                  },
                  {
                    "text": ".",
                    "color": "gray"
                  }
                ]
              ],
              "mode": "replace_all"
            }
          ],
          "conditions": [
            {
              "condition": "minecraft:inverted",
              "term": {
                "condition": "minecraft:entity_properties",
                "entity": "this",
                "predicate": {
                  "slots": {
                    "container.*": {
                      "predicates": {
                        "minecraft:custom_data": "{augment:127s}"
                      }
                    }
                  }
                }
              }
            }
          ]
        },
        {
          "type": "minecraft:item",
          "name": "minecraft:damaged_anvil",
          "weight": 1,
          "functions": [
            {
              "function": "minecraft:set_count",
              "count": 1
            },
            {
              "function": "minecraft:set_custom_data",
              "tag": "{uhcp_augSelect:1b,augment:102s}"
            },
            {
              "function": "minecraft:set_name",
              "target": "item_name",
              "name": [
                {
                  "text": "Blacksmith",
                  "color": "gray",
                  "bold": true
                }
              ]
            },
            {
              "function": "minecraft:set_lore",
              "lore": [
                {
                  "text": "------------------------",
                  "color": "blue",
                  "bold": true
                },
                [
                  {
                    "text": "Gain a",
                    "color": "gray"
                  },
                  {
                    "text": " Damaged Anvil",
                    "color": "white"
                  },
                  {
                    "text": ".",
                    "color": "gray"
                  }
                ]
              ],
              "mode": "replace_all"
            }
          ],
          "conditions": [
            {
              "condition": "minecraft:inverted",
              "term": {
                "condition": "minecraft:entity_properties",
                "entity": "this",
                "predicate": {
                  "slots": {
                    "container.*": {
                      "predicates": {
                        "minecraft:custom_data": "{augment:102s}"
                      }
                    }
                  }
                }
              }
            }
          ]
        },
        {
          "type": "minecraft:item",
          "name": "minecraft:spyglass",
          "weight": 1,
          "functions": [
            {
              "function": "minecraft:set_count",
              "count": 1
            },
            {
              "function": "minecraft:set_custom_data",
              "tag": "{uhcp_augSelect:1b,augment:135s}"
            },
            {
              "function": "minecraft:set_name",
              "target": "item_name",
              "name": [
                {
                  "text": "Structure Scout",
                  "color": "gray",
                  "bold": true
                }
              ]
            },
            {
              "function": "minecraft:set_lore",
              "lore": [
                {
                  "text": "------------------------",
                  "color": "blue"
                },
                {
                  "text": "At the start of the game, ",
                  "color": "gray"
                },
                {
                  "text": "teleport high into the sky",
                  "color": "gray"
                },
                [
                  {
                    "text": "and gain an ",
                    "color": "gray"
                  },
                  {
                    "text": "Elytra",
                    "color": "light_purple"
                  },
                  {
                    "text": ". It disappears"
                  }
                ],
                {
                  "text": "after one minute.",
                  "color": "gray"
                }
              ],
              "mode": "replace_all"
            }
          ],
          "conditions": [
            {
              "condition": "minecraft:inverted",
              "term": {
                "condition": "minecraft:entity_properties",
                "entity": "this",
                "predicate": {
                  "slots": {
                    "container.*": {
                      "predicates": {
                        "minecraft:custom_data": "{augment:135s}"
                      }
                    }
                  }
                }
              }
            }
          ]
        },
        {
          "type": "minecraft:item",
          "name": "minecraft:cooked_cod",
          "weight": 1,
          "functions": [
            {
              "function": "minecraft:set_count",
              "count": 1
            },
            {
              "function": "minecraft:set_components",
              "components": {
                "!minecraft:consumable": {},
                "!minecraft:food": {}
              }
            },
            {
              "function": "minecraft:set_custom_data",
              "tag": "{uhcp_augSelect:1b,augment:136s}"
            },
            {
              "function": "minecraft:set_name",
              "target": "item_name",
              "name": [
                {
                  "text": "Fishy Business",
                  "color": "gray",
                  "bold": true
                }
              ]
            },
            {
              "function": "minecraft:set_lore",
              "lore": [
                {
                  "text": "------------------------",
                  "color": "blue",
                  "bold": true
                },
                [
                  {
                    "text": "Gain a",
                    "color": "gray"
                  },
                  {
                    "text": " Respiration III /",
                    "color": "dark_purple"
                  }
                ],
                {
                  "text": "Unbreaking III / Aqua Affinity",
                  "color": "dark_purple"
                },
                [
                  {
                    "text": "Leather Helmet",
                    "color": "white"
                  },
                  {
                    "text": " and",
                    "color": "gray"
                  },
                  {
                    "text": " Depth",
                    "color": "dark_purple"
                  }
                ],
                {
                  "text": "Strider / Unbreaking III",
                  "color": "dark_purple"
                },
                [
                  {
                    "text": "Leather Boots",
                    "color": "white"
                  },
                  {
                    "text": ".",
                    "color": "gray"
                  }
                ]
              ],
              "mode": "replace_all"
            }
          ],
          "conditions": [
            {
              "condition": "minecraft:inverted",
              "term": {
                "condition": "minecraft:entity_properties",
                "entity": "this",
                "predicate": {
                  "slots": {
                    "container.*": {
                      "predicates": {
                        "minecraft:custom_data": "{augment:136s}"
                      }
                    }
                  }
                }
              }
            }
          ]
        },
        {
          "type": "minecraft:item",
          "name": "minecraft:bucket",
          "weight": 1,
          "functions": [
            {
              "function": "minecraft:set_count",
              "count": 1
            },
            {
              "function": "minecraft:set_custom_data",
              "tag": "{uhcp_augSelect:1b,augment:103s}"
            },
            {
              "function": "minecraft:set_name",
              "target": "item_name",
              "name": [
                {
                  "text": "Bucket List",
                  "color": "gray",
                  "bold": true
                }
              ]
            },
            {
              "function": "minecraft:set_lore",
              "lore": [
                {
                  "text": "------------------------",
                  "color": "blue",
                  "bold": true
                },
                [
                  {
                    "text": "Gain a ",
                    "color": "gray"
                  },
                  {
                    "text": "Water Bucket",
                    "color": "white"
                  },
                  {
                    "text": ", "
                  },
                  {
                    "text": "Lava Bucket",
                    "color": "white"
                  },
                  {
                    "text": ","
                  }
                ],
                [
                  {
                    "text": "empty Bucket",
                    "color": "white"
                  },
                  {
                    "text": ", 12 ",
                    "color": "gray"
                  },
                  {
                    "text": "paper"
                  },
                  {
                    "text": ", and",
                    "color": "gray"
                  }
                ],
                [
                  {
                    "text": "2 ",
                    "color": "gray"
                  },
                  {
                    "text": "leather",
                    "color": "white"
                  },
                  {
                    "text": ".",
                    "color": "gray"
                  }
                ]
              ],
              "mode": "replace_all"
            }
          ],
          "conditions": [
            {
              "condition": "minecraft:inverted",
              "term": {
                "condition": "minecraft:entity_properties",
                "entity": "this",
                "predicate": {
                  "slots": {
                    "container.*": {
                      "predicates": {
                        "minecraft:custom_data": "{augment:103s}"
                      }
                    }
                  }
                }
              }
            }
          ]
        },
        {
          "type": "minecraft:item",
          "name": "minecraft:leather_helmet",
          "weight": 1,
          "functions": [
            {
              "function": "minecraft:toggle_tooltips",
              "toggles": {
                "minecraft:attribute_modifiers": false,
                "minecraft:unbreakable": false
              }
            },
            {
              "function": "minecraft:set_count",
              "count": 1
            },
            {
              "function": "minecraft:set_components",
              "components": {
                "!minecraft:equippable": {},
                "minecraft:unbreakable": {}
              }
            },
            {
              "function": "minecraft:set_custom_data",
              "tag": "{uhcp_augSelect:1b,augment:139s}"
            },
            {
              "function": "minecraft:set_name",
              "target": "item_name",
              "name": [
                {
                  "text": "The B.O.A.T.",
                  "color": "gray",
                  "bold": true
                }
              ]
            },
            {
              "function": "minecraft:set_lore",
              "lore": [
                {
                  "text": "------------------------",
                  "color": "blue",
                  "bold": true
                },
                [
                  {
                    "text": "Gain a ",
                    "color": "gray"
                  },
                  {
                    "text": "Boat",
                    "color": "white"
                  },
                  {
                    "text": " and a "
                  },
                  {
                    "text": "Bald Head",
                    "color": "white"
                  }
                ],
                {
                  "text": "which is equivalent to a",
                  "color": "gray"
                },
                {
                  "text": "Diamond Helmet with Protection I.",
                  "color": "gray"
                },
                [
                  {
                    "text": "The ",
                    "color": "gray"
                  },
                  {
                    "text": "Bald Head",
                    "color": "white"
                  },
                  {
                    "text": " cannot be enchanted"
                  }
                ],
                {
                  "text": "any further.",
                  "color": "gray"
                }
              ],
              "mode": "replace_all"
            }
          ],
          "conditions": [
            {
              "condition": "minecraft:inverted",
              "term": {
                "condition": "minecraft:entity_properties",
                "entity": "this",
                "predicate": {
                  "slots": {
                    "container.*": {
                      "predicates": {
                        "minecraft:custom_data": "{augment:139s}"
                      }
                    }
                  }
                }
              }
            }
          ]
        },
        {
          "type": "minecraft:item",
          "name": "minecraft:eye_armor_trim_smithing_template",
          "weight": 1,
          "functions": [
            {
              "function": "minecraft:set_count",
              "count": 1
            },
            {
              "function": "minecraft:toggle_tooltips",
              "toggles": {}
            },
            {
              "function": "minecraft:set_custom_data",
              "tag": "{uhcp_augSelect:1b,augment:140s}"
            },
            {
              "function": "minecraft:set_name",
              "target": "item_name",
              "name": [
                {
                  "text": "The Watcher",
                  "color": "gray",
                  "bold": true
                }
              ]
            },
            {
              "function": "minecraft:set_lore",
              "lore": [
                {
                  "text": "------------------------",
                  "color": "blue",
                  "bold": true
                },
                [
                  {
                    "text": "Gain 10 ",
                    "color": "gray"
                  },
                  {
                    "text": "All-Seeing Eyes",
                    "color": "light_purple"
                  },
                  {
                    "text": ".",
                    "color": "gray"
                  }
                ],
                [
                  {
                    "text": "You cannot be seen by",
                    "color": "gray"
                  }
                ],
                [
                  {
                    "text": "All-Seeing Eyes",
                    "color": "light_purple"
                  },
                  {
                    "text": "."
                  }
                ]
              ],
              "mode": "replace_all"
            }
          ],
          "conditions": [
            {
              "condition": "minecraft:inverted",
              "term": {
                "condition": "minecraft:entity_properties",
                "entity": "this",
                "predicate": {
                  "slots": {
                    "container.*": {
                      "predicates": {
                        "minecraft:custom_data": "{augment:140s}"
                      }
                    }
                  }
                }
              }
            }
          ]
        },
        {
          "type": "minecraft:item",
          "name": "minecraft:smithing_table",
          "weight": 1,
          "functions": [
            {
              "function": "minecraft:set_count",
              "count": 1
            },
            {
              "function": "minecraft:set_custom_data",
              "tag": "{uhcp_augSelect:1b,augment:141s}"
            },
            {
              "function": "minecraft:set_name",
              "target": "item_name",
              "name": [
                {
                  "text": "Final Upgrade",
                  "color": "gray",
                  "bold": true
                }
              ]
            },
            {
              "function": "minecraft:set_lore",
              "lore": [
                {
                  "text": "------------------------",
                  "color": "blue",
                  "bold": true
                },
                [
                  {
                    "text": "Gain 2 ",
                    "color": "gray"
                  },
                  {
                    "text": "Netherite Ingots",
                    "color": "white"
                  },
                  {
                    "text": " and"
                  }
                ],
                [
                  {
                    "text": "2 ",
                    "color": "gray"
                  },
                  {
                    "text": "Upgrade Templates",
                    "color": "white"
                  },
                  {
                    "text": "."
                  }
                ]
              ],
              "mode": "replace_all"
            }
          ],
          "conditions": [
            {
              "condition": "minecraft:inverted",
              "term": {
                "condition": "minecraft:entity_properties",
                "entity": "this",
                "predicate": {
                  "slots": {
                    "container.*": {
                      "predicates": {
                        "minecraft:custom_data": "{augment:141s}"
                      }
                    }
                  }
                }
              }
            }
          ]
        },
        {
          "type": "minecraft:item",
          "name": "minecraft:target",
          "weight": 1,
          "functions": [
            {
              "function": "minecraft:set_count",
              "count": 1
            },
            {
              "function": "minecraft:set_custom_data",
              "tag": "{uhcp_augSelect:1b,augment:142s}"
            },
            {
              "function": "minecraft:set_name",
              "target": "item_name",
              "name": [
                {
                  "text": "Tunnel Vision",
                  "color": "gray",
                  "bold": true
                }
              ]
            },
            {
              "function": "minecraft:set_lore",
              "lore": [
                {
                  "text": "------------------------",
                  "color": "blue",
                  "bold": true
                },
                [
                  {
                    "text": "Gain a ",
                    "color": "gray"
                  },
                  {
                    "text": "Potion",
                    "color": "white"
                  },
                  {
                    "text": " that gives",
                    "color": "gray"
                  }
                ],
                [
                  {
                    "text": "Strength I",
                    "color": "light_purple"
                  },
                  {
                    "text": ", ",
                    "color": "gray"
                  },
                  {
                    "text": "Speed I"
                  },
                  {
                    "text": ", and ",
                    "color": "gray"
                  },
                  {
                    "text": "Blindness"
                  }
                ],
                {
                  "text": "for 30 seconds.",
                  "color": "gray"
                }
              ],
              "mode": "replace_all"
            }
          ],
          "conditions": [
            {
              "condition": "minecraft:inverted",
              "term": {
                "condition": "minecraft:entity_properties",
                "entity": "this",
                "predicate": {
                  "slots": {
                    "container.*": {
                      "predicates": {
                        "minecraft:custom_data": "{augment:142s}"
                      }
                    }
                  }
                }
              }
            }
          ]
        },
        {
          "type": "minecraft:item",
          "name": "minecraft:warped_fungus",
          "weight": 1,
          "functions": [
            {
              "function": "minecraft:set_count",
              "count": 1
            },
            {
              "function": "minecraft:set_custom_data",
              "tag": "{uhcp_augSelect:1b,augment:147s}"
            },
            {
              "function": "minecraft:set_name",
              "target": "item_name",
              "name": [
                {
                  "text": "Parasite",
                  "color": "gray",
                  "bold": true
                }
              ]
            },
            {
              "function": "minecraft:set_lore",
              "lore": [
                {
                  "text": "------------------------",
                  "color": "blue"
                },
                [
                  {
                    "text": "Start with permanent",
                    "color": "gray"
                  },
                  {
                    "text": " Strength I",
                    "color": "yellow"
                  },
                  {
                    "text": ". In exchange, gain",
                    "color": "gray"
                  }
                ],
                [
                  {
                    "text": "an irremovable",
                    "color": "gray"
                  },
                  {
                    "text": " Fungus",
                    "color": "blue"
                  },
                  {
                    "text": " on your head",
                    "color": "gray"
                  }
                ],
                [
                  {
                    "text": "that inflicts",
                    "color": "gray"
                  },
                  {
                    "text": " Hunger",
                    "color": "yellow"
                  },
                  {
                    "text": ".",
                    "color": "gray"
                  }
                ]
              ],
              "mode": "replace_all"
            }
          ],
          "conditions": [
            {
              "condition": "minecraft:inverted",
              "term": {
                "condition": "minecraft:entity_properties",
                "entity": "this",
                "predicate": {
                  "slots": {
                    "container.*": {
                      "predicates": {
                        "minecraft:custom_data": "{augment:147s}"
                      }
                    }
                  }
                }
              }
            }
          ]
        },
        {
          "type": "minecraft:item",
          "name": "minecraft:netherite_upgrade_smithing_template",
          "weight": 1,
          "functions": [
            {
              "function": "minecraft:set_count",
              "count": 1
            },
            {
              "function": "minecraft:toggle_tooltips",
              "toggles": {}
            },
            {
              "function": "minecraft:set_custom_data",
              "tag": "{uhcp_augSelect:1b,augment:143s}"
            },
            {
              "function": "minecraft:set_name",
              "target": "item_name",
              "name": [
                {
                  "text": "Delayed Protection",
                  "color": "gray",
                  "bold": true
                }
              ]
            },
            {
              "function": "minecraft:set_lore",
              "lore": [
                {
                  "text": "------------------------",
                  "color": "blue",
                  "bold": true
                },
                [
                  {
                    "text": "After 25 minutes, gain a set of full",
                    "color": "gray"
                  },
                  {
                    "text": " ",
                    "color": "red"
                  }
                ],
                [
                  {
                    "text": "Diamond Armor",
                    "color": "white"
                  },
                  {
                    "text": ".",
                    "color": "gray"
                  }
                ]
              ],
              "mode": "replace_all"
            }
          ],
          "conditions": [
            {
              "condition": "minecraft:inverted",
              "term": {
                "condition": "minecraft:entity_properties",
                "entity": "this",
                "predicate": {
                  "slots": {
                    "container.*": {
                      "predicates": {
                        "minecraft:custom_data": "{augment:143s}"
                      }
                    }
                  }
                }
              }
            }
          ]
        },
        {
          "type": "minecraft:item",
          "name": "minecraft:wooden_sword",
          "weight": 1,
          "functions": [
            {
              "function": "minecraft:toggle_tooltips",
              "toggles": {
                "minecraft:attribute_modifiers": false,
                "minecraft:unbreakable": false
              }
            },
            {
              "function": "minecraft:set_count",
              "count": 1
            },
            {
              "function": "minecraft:set_components",
              "components": {
                "minecraft:unbreakable": {}
              }
            },
            {
              "function": "minecraft:set_custom_data",
              "tag": "{uhcp_augSelect:1b,augment:144s}"
            },
            {
              "function": "minecraft:set_name",
              "target": "item_name",
              "name": [
                {
                  "text": "Back Off!",
                  "color": "gray",
                  "bold": true
                }
              ]
            },
            {
              "function": "minecraft:set_lore",
              "lore": [
                {
                  "text": "------------------------",
                  "color": "blue",
                  "bold": true
                },
                [
                  {
                    "text": "Gain a",
                    "color": "gray"
                  },
                  {
                    "text": " 20 Durability Wooden Sword",
                    "color": "white"
                  },
                  {
                    "text": " with"
                  },
                  {
                    "text": " Knockback V",
                    "color": "dark_purple"
                  },
                  {
                    "text": ".",
                    "color": "gray"
                  }
                ]
              ],
              "mode": "replace_all"
            }
          ],
          "conditions": [
            {
              "condition": "minecraft:inverted",
              "term": {
                "condition": "minecraft:entity_properties",
                "entity": "this",
                "predicate": {
                  "slots": {
                    "container.*": {
                      "predicates": {
                        "minecraft:custom_data": "{augment:144s}"
                      }
                    }
                  }
                }
              }
            }
          ]
        },
        {
          "type": "minecraft:item",
          "name": "minecraft:feather",
          "weight": 1,
          "functions": [
            {
              "function": "minecraft:set_count",
              "count": 1
            },
            {
              "function": "minecraft:set_custom_data",
              "tag": "{uhcp_augSelect:1b,augment:145s}"
            },
            {
              "function": "minecraft:set_name",
              "target": "item_name",
              "name": [
                {
                  "text": "Second Wind",
                  "color": "gray",
                  "bold": true
                }
              ]
            },
            {
              "function": "minecraft:set_lore",
              "lore": [
                {
                  "text": "------------------------",
                  "color": "blue",
                  "bold": true
                },
                [
                  {
                    "text": "After 35 minutes, restore all of your",
                    "color": "gray"
                  },
                  {
                    "text": " 🖤",
                    "color": "red"
                  },
                  {
                    "text": ".",
                    "color": "gray"
                  }
                ]
              ],
              "mode": "replace_all"
            }
          ],
          "conditions": [
            {
              "condition": "minecraft:inverted",
              "term": {
                "condition": "minecraft:entity_properties",
                "entity": "this",
                "predicate": {
                  "slots": {
                    "container.*": {
                      "predicates": {
                        "minecraft:custom_data": "{augment:145s}"
                      }
                    }
                  }
                }
              }
            }
          ]
        },
        {
          "type": "minecraft:item",
          "name": "minecraft:lava_bucket",
          "weight": 1,
          "functions": [
            {
              "function": "minecraft:set_count",
              "count": 1
            },
            {
              "function": "minecraft:set_custom_data",
              "tag": "{uhcp_augSelect:1b,augment:146s}"
            },
            {
              "function": "minecraft:set_name",
              "target": "item_name",
              "name": [
                {
                  "text": "Portable Lava Pool",
                  "color": "gray",
                  "bold": true
                }
              ]
            },
            {
              "function": "minecraft:set_lore",
              "lore": [
                {
                  "text": "------------------------",
                  "color": "blue"
                },
                [
                  {
                    "text": "Gain 2 ",
                    "color": "gray"
                  },
                  {
                    "text": "Portable Lava Pools",
                    "color": "light_purple"
                  },
                  {
                    "text": ".",
                    "color": "gray"
                  }
                ],
                {
                  "text": "When thrown, they summon a 5x5x1",
                  "color": "gray"
                },
                {
                  "text": "pool of lava in front of you.",
                  "color": "gray"
                }
              ],
              "mode": "replace_all"
            }
          ],
          "conditions": [
            {
              "condition": "minecraft:inverted",
              "term": {
                "condition": "minecraft:entity_properties",
                "entity": "this",
                "predicate": {
                  "slots": {
                    "container.*": {
                      "predicates": {
                        "minecraft:custom_data": "{augment:146s}"
                      }
                    }
                  }
                }
              }
            }
          ]
        },
        {
          "type": "minecraft:item",
          "name": "minecraft:enchanting_table",
          "weight": 1,
          "functions": [
            {
              "function": "minecraft:set_count",
              "count": 1
            },
            {
              "function": "minecraft:set_custom_data",
              "tag": "{uhcp_augSelect:1b,augment:104s}"
            },
            {
              "function": "minecraft:set_name",
              "target": "item_name",
              "name": [
                {
                  "text": "Magician",
                  "color": "gray",
                  "bold": true
                }
              ]
            },
            {
              "function": "minecraft:set_lore",
              "lore": [
                {
                  "text": "------------------------",
                  "color": "blue"
                },
                [
                  {
                    "text": "/trigger top ",
                    "color": "light_purple"
                  },
                  {
                    "text": "no longer applies",
                    "color": "gray"
                  }
                ],
                {
                  "text": "negative effects and the cooldown",
                  "color": "gray"
                },
                {
                  "text": "is halved.",
                  "color": "gray"
                }
              ],
              "mode": "replace_all"
            }
          ],
          "conditions": [
            {
              "condition": "minecraft:inverted",
              "term": {
                "condition": "minecraft:entity_properties",
                "entity": "this",
                "predicate": {
                  "slots": {
                    "container.*": {
                      "predicates": {
                        "minecraft:custom_data": "{augment:104s}"
                      }
                    }
                  }
                }
              }
            }
          ]
        },
        {
          "type": "minecraft:item",
          "name": "minecraft:bricks",
          "weight": 1,
          "functions": [
            {
              "function": "minecraft:set_count",
              "count": 1
            },
            {
              "function": "minecraft:set_custom_data",
              "tag": "{uhcp_augSelect:1b,augment:110s}"
            },
            {
              "function": "minecraft:set_name",
              "target": "item_name",
              "name": [
                {
                  "text": "Prop Hunt",
                  "color": "gray",
                  "bold": true
                }
              ]
            },
            {
              "function": "minecraft:set_lore",
              "lore": [
                {
                  "text": "------------------------",
                  "color": "blue"
                },
                [
                  {
                    "text": "Gain the ability to transform",
                    "color": "gray"
                  }
                ],
                [
                  {
                    "text": "into blocks. To transform,",
                    "color": "gray"
                  },
                  {
                    "text": " sneak on",
                    "color": "blue"
                  }
                ],
                [
                  {
                    "text": "a block for 3 seconds.",
                    "color": "blue"
                  },
                  {
                    "text": " Revert back",
                    "color": "gray"
                  }
                ],
                {
                  "text": "when you take damage. You cannot",
                  "color": "gray"
                },
                [
                  {
                    "text": "be seen by",
                    "color": "gray"
                  },
                  {
                    "text": " All-Seeing Eyes",
                    "color": "light_purple"
                  },
                  {
                    "text": "."
                  }
                ]
              ],
              "mode": "replace_all"
            }
          ],
          "conditions": [
            {
              "condition": "minecraft:inverted",
              "term": {
                "condition": "minecraft:entity_properties",
                "entity": "this",
                "predicate": {
                  "slots": {
                    "container.*": {
                      "predicates": {
                        "minecraft:custom_data": "{augment:110s}"
                      }
                    }
                  }
                }
              }
            }
          ]
        },
        {
          "type": "minecraft:item",
          "name": "minecraft:amethyst_shard",
          "weight": 1,
          "functions": [
            {
              "function": "minecraft:set_count",
              "count": 1
            },
            {
              "function": "minecraft:set_custom_data",
              "tag": "{uhcp_augSelect:1b,augment:148s}"
            },
            {
              "function": "minecraft:set_name",
              "target": "item_name",
              "name": [
                {
                  "text": "Little Buddies",
                  "color": "gray",
                  "bold": true
                }
              ]
            },
            {
              "function": "minecraft:set_lore",
              "lore": [
                {
                  "text": "------------------------",
                  "color": "blue"
                },
                [
                  {
                    "text": "Gain 3",
                    "color": "gray"
                  },
                  {
                    "text": " invulnerable Allay",
                    "color": "blue"
                  },
                  {
                    "text": " Spawn Eggs",
                    "color": "white"
                  },
                  {
                    "text": " and a",
                    "color": "gray"
                  },
                  {
                    "text": " Golden Apple",
                    "color": "white"
                  },
                  {
                    "text": ".",
                    "color": "gray"
                  }
                ]
              ],
              "mode": "replace_all"
            }
          ],
          "conditions": [
            {
              "condition": "minecraft:inverted",
              "term": {
                "condition": "minecraft:entity_properties",
                "entity": "this",
                "predicate": {
                  "slots": {
                    "container.*": {
                      "predicates": {
                        "minecraft:custom_data": "{augment:148s}"
                      }
                    }
                  }
                }
              }
            }
          ]
        },
        {
          "type": "minecraft:item",
          "name": "minecraft:bell",
          "weight": 1,
          "functions": [
            {
              "function": "minecraft:set_count",
              "count": 1
            },
            {
              "function": "minecraft:set_custom_data",
              "tag": "{uhcp_augSelect:1b,augment:113s}"
            },
            {
              "function": "minecraft:set_name",
              "target": "item_name",
              "name": [
                {
                  "text": "It Takes a Village",
                  "color": "gray",
                  "bold": true
                }
              ]
            },
            {
              "function": "minecraft:set_lore",
              "lore": [
                {
                  "text": "------------------------",
                  "color": "blue"
                },
                [
                  {
                    "text": "Create ",
                    "color": "gray"
                  },
                  {
                    "text": "a Village",
                    "color": "yellow"
                  },
                  {
                    "text": " at your spawn location.",
                    "color": "gray"
                  }
                ]
              ],
              "mode": "replace_all"
            }
          ],
          "conditions": [
            {
              "condition": "minecraft:inverted",
              "term": {
                "condition": "minecraft:entity_properties",
                "entity": "this",
                "predicate": {
                  "slots": {
                    "container.*": {
                      "predicates": {
                        "minecraft:custom_data": "{augment:113s}"
                      }
                    }
                  }
                }
              }
            }
          ]
        },
        {
          "type": "minecraft:item",
          "name": "minecraft:heart_of_the_sea",
          "weight": 1,
          "functions": [
            {
              "function": "minecraft:set_count",
              "count": 1
            },
            {
              "function": "minecraft:set_custom_data",
              "tag": "{uhcp_augSelect:1b,augment:116s}"
            },
            {
              "function": "minecraft:set_name",
              "target": "item_name",
              "name": [
                {
                  "text": "Strong Swimmer",
                  "color": "gray",
                  "bold": true
                }
              ]
            },
            {
              "function": "minecraft:set_lore",
              "lore": [
                {
                  "text": "------------------------",
                  "color": "blue"
                },
                [
                  {
                    "text": "Start with ",
                    "color": "gray"
                  },
                  {
                    "text": "permanent Dolphin's Grace",
                    "color": "yellow"
                  },
                  {
                    "text": ".",
                    "color": "gray"
                  }
                ],
                [
                  {
                    "text": "Gain a Diamond Helmet with ",
                    "color": "gray"
                  },
                  {
                    "text": "Respiration III",
                    "color": "dark_purple"
                  },
                  {
                    "text": ".",
                    "color": "gray"
                  }
                ]
              ],
              "mode": "replace_all"
            }
          ],
          "conditions": [
            {
              "condition": "minecraft:inverted",
              "term": {
                "condition": "minecraft:entity_properties",
                "entity": "this",
                "predicate": {
                  "slots": {
                    "container.*": {
                      "predicates": {
                        "minecraft:custom_data": "{augment:116s}"
                      }
                    }
                  }
                }
              }
            }
          ]
        },
        {
          "type": "minecraft:item",
          "name": "minecraft:stone_hoe",
          "weight": 1,
          "functions": [
            {
              "function": "minecraft:set_count",
              "count": 1
            },
            {
              "function": "minecraft:set_custom_data",
              "tag": "{uhcp_augSelect:1b,augment:151s}"
            },
            {
              "function": "minecraft:toggle_tooltips",
              "toggles": {
                "minecraft:attribute_modifiers": false
              }
            },
            {
              "function": "minecraft:set_name",
              "target": "item_name",
              "name": [
                {
                  "text": "Harvest Season I",
                  "color": "gray",
                  "bold": true
                }
              ]
            },
            {
              "function": "minecraft:set_lore",
              "lore": [
                {
                  "text": "------------------------",
                  "color": "blue"
                },
                [
                  {
                    "text": "Whenever you kill a hostile",
                    "color": "gray"
                  }
                ],
                {
                  "text": "mob, it has a 10% chance of",
                  "color": "gray"
                },
                {
                  "text": "dropping a ",
                  "color": "gray",
                  "extra": [
                    {
                      "text": "Golden Apple",
                      "color": "white"
                    },
                    {
                      "text": ".",
                      "color": "gray"
                    }
                  ]
                }
              ],
              "mode": "replace_all"
            }
          ],
          "conditions": [
            {
              "condition": "minecraft:inverted",
              "term": {
                "condition": "minecraft:entity_properties",
                "entity": "this",
                "predicate": {
                  "slots": {
                    "container.*": {
                      "predicates": {
                        "minecraft:custom_data": "{augment:151s}"
                      }
                    }
                  }
                }
              }
            }
          ]
        },
        {
          "type": "minecraft:item",
          "name": "minecraft:tide_armor_trim_smithing_template",
          "weight": 1,
          "functions": [
            {
              "function": "minecraft:set_count",
              "count": 1
            },
            {
              "function": "minecraft:toggle_tooltips",
              "toggles": {}
            },
            {
              "function": "minecraft:set_custom_data",
              "tag": "{uhcp_augSelect:1b,augment:121s}"
            },
            {
              "function": "minecraft:set_name",
              "target": "item_name",
              "name": [
                {
                  "text": "Cheap Imitation",
                  "color": "gray",
                  "bold": true
                }
              ]
            },
            {
              "function": "minecraft:set_lore",
              "lore": [
                {
                  "text": "------------------------",
                  "color": "blue"
                },
                [
                  {
                    "text": "Gain 2",
                    "color": "gray"
                  },
                  {
                    "text": " Lesser Duplicators",
                    "color": "light_purple"
                  },
                  {
                    "text": ".",
                    "color": "gray"
                  }
                ]
              ],
              "mode": "replace_all"
            }
          ],
          "conditions": [
            {
              "condition": "minecraft:inverted",
              "term": {
                "condition": "minecraft:entity_properties",
                "entity": "this",
                "predicate": {
                  "slots": {
                    "container.*": {
                      "predicates": {
                        "minecraft:custom_data": "{augment:121s}"
                      }
                    }
                  }
                }
              }
            }
          ]
        },
        {
          "type": "minecraft:item",
          "name": "minecraft:music_disc_pigstep",
          "weight": 1,
          "functions": [
            {
              "function": "minecraft:set_count",
              "count": 1
            },
            {
              "function": "minecraft:set_custom_data",
              "tag": "{uhcp_augSelect:1b,augment:118s}"
            },
            {
              "function": "minecraft:set_name",
              "target": "item_name",
              "name": [
                {
                  "text": "Rave Party",
                  "color": "gray",
                  "bold": true
                }
              ]
            },
            {
              "function": "minecraft:set_lore",
              "lore": [
                {
                  "text": "------------------------",
                  "color": "blue"
                },
                [
                  {
                    "text": "Gain a ",
                    "color": "gray"
                  },
                  {
                    "text": "Groovy Disc",
                    "color": "light_purple"
                  },
                  {
                    "text": ", a consumable",
                    "color": "gray"
                  }
                ],
                [
                  {
                    "text": "that starts a party!",
                    "color": "gray"
                  }
                ],
                [
                  {
                    "text": "Whenever you use a ",
                    "color": "gray"
                  },
                  {
                    "text": "Groovy Disc",
                    "color": "light_purple"
                  },
                  {
                    "text": ",",
                    "color": "gray"
                  }
                ],
                [
                  {
                    "text": "gain another after 5 minutes.",
                    "color": "gray"
                  }
                ]
              ],
              "mode": "replace_all"
            },
            {
              "function": "minecraft:set_components",
              "components": {
                "!minecraft:jukebox_playable": {}
              }
            }
          ],
          "conditions": [
            {
              "condition": "minecraft:inverted",
              "term": {
                "condition": "minecraft:entity_properties",
                "entity": "this",
                "predicate": {
                  "slots": {
                    "container.*": {
                      "predicates": {
                        "minecraft:custom_data": "{augment:118s}"
                      }
                    }
                  }
                }
              }
            }
          ]
        },
        {
          "type": "minecraft:item",
          "name": "minecraft:rabbit_foot",
          "weight": 1,
          "functions": [
            {
              "function": "minecraft:set_count",
              "count": 1
            },
            {
              "function": "minecraft:set_custom_data",
              "tag": "{uhcp_augSelect:1b,augment:122s}"
            },
            {
              "function": "minecraft:set_name",
              "target": "item_name",
              "name": [
                {
                  "text": "Bunny Magic",
                  "color": "gray",
                  "bold": true
                }
              ]
            },
            {
              "function": "minecraft:set_lore",
              "lore": [
                {
                  "text": "------------------------",
                  "color": "blue"
                },
                [
                  {
                    "text": "Gain a ",
                    "color": "gray"
                  },
                  {
                    "text": "Magic Trick",
                    "color": "light_purple"
                  },
                  {
                    "text": ", a consumable",
                    "color": "gray"
                  }
                ],
                [
                  {
                    "text": "that turns all players near you",
                    "color": "gray"
                  }
                ],
                {
                  "text": "(including yourself) into harmless",
                  "color": "gray"
                },
                {
                  "text": "and invulnerable ",
                  "color": "gray",
                  "extra": [
                    {
                      "text": "Rabbits",
                      "color": "blue"
                    },
                    {
                      "text": ".",
                      "color": "gray"
                    }
                  ]
                },
                [
                  {
                    "text": "Whenever you use a ",
                    "color": "gray"
                  },
                  {
                    "text": "Magic Trick",
                    "color": "light_purple"
                  },
                  {
                    "text": ","
                  }
                ],
                {
                  "text": "gain another after 3 minutes.",
                  "color": "gray"
                }
              ],
              "mode": "replace_all"
            }
          ],
          "conditions": [
            {
              "condition": "minecraft:inverted",
              "term": {
                "condition": "minecraft:entity_properties",
                "entity": "this",
                "predicate": {
                  "slots": {
                    "container.*": {
                      "predicates": {
                        "minecraft:custom_data": "{augment:122s}"
                      }
                    }
                  }
                }
              }
            }
          ]
        },
        {
          "type": "minecraft:item",
          "name": "minecraft:barrel",
          "weight": 1,
          "functions": [
            {
              "function": "minecraft:set_count",
              "count": 1
            },
            {
              "function": "minecraft:set_custom_data",
              "tag": "{uhcp_augSelect:1b,augment:123s}"
            },
            {
              "function": "minecraft:set_name",
              "target": "item_name",
              "name": [
                {
                  "text": "Like Fish in a Barrel",
                  "color": "gray",
                  "bold": true
                }
              ]
            },
            {
              "function": "minecraft:set_lore",
              "lore": [
                {
                  "text": "------------------------",
                  "color": "blue",
                  "bold": true
                },
                [
                  {
                    "text": "Gain 2 ",
                    "color": "gray"
                  },
                  {
                    "text": "Splash Potions of Levitation",
                    "color": "white"
                  }
                ],
                [
                  {
                    "text": "(40 second duration).",
                    "color": "gray"
                  }
                ]
              ],
              "mode": "replace_all"
            }
          ],
          "conditions": [
            {
              "condition": "minecraft:inverted",
              "term": {
                "condition": "minecraft:entity_properties",
                "entity": "this",
                "predicate": {
                  "slots": {
                    "container.*": {
                      "predicates": {
                        "minecraft:custom_data": "{augment:123s}"
                      }
                    }
                  }
                }
              }
            }
          ]
        },
        {
          "type": "minecraft:loot_table",
          "value": "uhcp:augments/patron/silver",
          "weight": 9
        }
      ]
    }
  ]
}