{
  "pools": [
    {
      "rolls": 1,
      "entries": [
        {
          "type": "minecraft:item",
          "name": "minecraft:clock",
          "weight": 1,
          "functions": [
            {
              "function": "minecraft:set_count",
              "count": 1
            },
            {
              "function": "minecraft:set_components",
              "components": {
                "minecraft:enchantment_glint_override": true,
                "minecraft:consumable": {
                  "consume_seconds": 2147483647,
                  "animation": "none",
                  "has_consume_particles": false
                }
              }
            },
            {
              "function": "minecraft:set_custom_data",
              "tag": "{uhcp_rightclick:true,uhcp_instantpickup:1b,uhcp_sundisk:true}"
            },
            {
              "function": "minecraft:set_name",
              "target": "item_name",
              "name": [
                {
                  "text": "Sun Disk of Ra",
                  "color": "gold",
                  "bold": true
                }
              ]
            },
            {
              "function": "minecraft:set_lore",
              "lore": [
                [
                  {
                    "text": "Gain 1",
                    "color": "gray"
                  },
                  {
                    "text": " Charge",
                    "color": "gold"
                  },
                  {
                    "text": " when a player dies within 10 blocks,",
                    "color": "gray"
                  }
                ],
                [
                  {
                    "text": "and 2 additional",
                    "color": "gray"
                  },
                  {
                    "text": " Charges",
                    "color": "gold"
                  },
                  {
                    "text": " if you killed them."
                  }
                ],
                [
                  {
                    "text": "Gaining enough ",
                    "color": "gray"
                  },
                  {
                    "text": "Charges",
                    "color": "gold"
                  },
                  {
                    "text": " consumes the Disk and",
                    "color": "gray"
                  }
                ],
                [
                  {
                    "text": "grants",
                    "color": "gray"
                  },
                  {
                    "text": " powerful loot",
                    "color": "light_purple"
                  },
                  {
                    "text": "!",
                    "color": "gray"
                  }
                ],
                {
                  "text": ""
                },
                {
                  "text": "(Use this item to check your current amount of",
                  "color": "dark_gray"
                },
                {
                  "text": "stacks.)",
                  "color": "dark_gray"
                }
              ],
              "mode": "replace_all"
            }
          ]
        }
      ]
    }
  ]
}