{
  "pools": [
    {
      "rolls": 1,
      "entries": [
        {
          "type": "minecraft:item",
          "name": "minecraft:potion",
          "weight": 12,
          "functions": [
            {
              "function": "minecraft:set_potion",
              "id": "minecraft:long_fire_resistance"
            }
          ]
        },
        {
          "type": "minecraft:item",
          "name": "minecraft:splash_potion",
          "weight": 4,
          "functions": [
            {
              "function": "minecraft:set_potion",
              "id": "minecraft:harming"
            }
          ]
        },
        {
          "type": "minecraft:item",
          "name": "minecraft:potion",
          "weight": 4,
          "functions": [
            {
              "function": "minecraft:set_potion",
              "id": "minecraft:healing"
            }
          ]
        },
        {
          "type": "minecraft:item",
          "name": "minecraft:potion",
          "weight": 12,
          "functions": [
            {
              "function": "minecraft:set_potion",
              "id": "minecraft:long_invisibility"
            }
          ]
        },
        {
          "type": "minecraft:item",
          "name": "minecraft:potion",
          "weight": 12,
          "functions": [
            {
              "function": "minecraft:set_potion",
              "id": "minecraft:strong_leaping"
            }
          ]
        },
        {
          "type": "minecraft:item",
          "name": "minecraft:potion",
          "weight": 2,
          "functions": [
            {
              "function": "minecraft:set_potion",
              "id": "minecraft:regeneration"
            }
          ]
        },
        {
          "type": "minecraft:item",
          "name": "minecraft:splash_potion",
          "weight": 4,
          "functions": [
            {
              "function": "minecraft:set_potion",
              "id": "minecraft:slowness"
            }
          ]
        },
        {
          "type": "minecraft:item",
          "name": "minecraft:potion",
          "weight": 12,
          "functions": [
            {
              "function": "minecraft:set_potion",
              "id": "minecraft:slow_falling"
            }
          ]
        },
        {
          "type": "minecraft:item",
          "name": "minecraft:potion",
          "weight": 2,
          "functions": [
            {
              "function": "minecraft:set_potion",
              "id": "minecraft:strength"
            }
          ]
        },
        {
          "type": "minecraft:item",
          "name": "minecraft:potion",
          "weight": 12,
          "functions": [
            {
              "function": "minecraft:set_potion",
              "id": "minecraft:long_water_breathing"
            }
          ]
        },
        {
          "type": "minecraft:item",
          "name": "minecraft:potion",
          "weight": 4,
          "functions": [
            {
              "function": "minecraft:set_potion",
              "id": "minecraft:swiftness"
            }
          ]
        },
        {
          "type": "minecraft:item",
          "name": "minecraft:splash_potion",
          "weight": 2,
          "functions": [
            {
              "function": "minecraft:set_potion",
              "id": "minecraft:weakness"
            }
          ]
        },
        {
          "type": "minecraft:item",
          "name": "minecraft:lingering_potion",
          "weight": 4,
          "functions": [
            {
              "function": "minecraft:set_potion",
              "id": "minecraft:harming"
            }
          ]
        },
        {
          "type": "minecraft:item",
          "name": "minecraft:lingering_potion",
          "weight": 8,
          "functions": [
            {
              "function": "minecraft:set_potion",
              "id": "minecraft:slowness"
            }
          ]
        },
        {
          "type": "minecraft:loot_table",
          "weight": 2,
          "value": "uhcp:consumables/royal_jelly"
        }
      ]
    }
  ]
}