{
  "type": "minecraft:fishing",
  "pools": [
    {
      "bonus_rolls": 0.0,
      "entries": [
        {
          "type": "minecraft:alternatives",
          "children": [
            {
              "type": "minecraft:group",
              "children": [
                {
                  "type": "minecraft:item",
                  "name": "minecraft:cooked_cod",
                  "weight": 60
                },
                {
                  "type": "minecraft:item",
                  "name": "minecraft:cooked_salmon",
                  "weight": 25
                }
              ],
              "conditions": [
                {
                  "condition": "minecraft:value_check",
                  "value": {
                    "type": "minecraft:score",
                    "target": {
                      "type": "minecraft:fixed",
                      "name": "%auto_cook"
                    },
                    "score": "uhcp_settings"
                  },
                  "range": 1
                },
                {
                  "condition": "minecraft:match_tool",
                  "predicate": {
                    "items": "minecraft:fishing_rod",
                    "predicates": {
                      "minecraft:custom_data": {
                        "uhcp_cat_lady": false
                      }
                    }
                  }
                }
              ]
            },
            {
              "type": "minecraft:group",
              "children": [
                {
                  "type": "minecraft:item",
                  "name": "minecraft:cod",
                  "weight": 60
                },
                {
                  "type": "minecraft:item",
                  "name": "minecraft:salmon",
                  "weight": 25
                }
              ]
            }
          ]
        },
        {
          "type": "minecraft:item",
          "name": "minecraft:tropical_fish",
          "weight": 2
        },
        {
          "type": "minecraft:item",
          "name": "minecraft:pufferfish",
          "weight": 13
        }
      ],
      "rolls": 1.0
    }
  ],
  "random_sequence": "minecraft:gameplay/fishing/fish"
}