{
  "type": "minecraft:gift",
  "pools": [
    {
      "bonus_rolls": 0.0,
      "entries": [
        {
          "type": "minecraft:item",
          "name": "minecraft:rabbit_hide",
          "weight": 10
        },
        {
          "type": "minecraft:item",
          "name": "minecraft:rabbit_foot",
          "weight": 10
        },
        {
          "type": "minecraft:item",
          "functions": [
            {
              "conditions": [
                {
                  "condition": "minecraft:value_check",
                  "value": {
                    "type": "minecraft:score",
                    "target": {
                      "type": "minecraft:fixed",
                      "name": "%auto_cook"
                    },
                    "score": "uhcp_settings"
                  },
                  "range": 1
                }
              ],
              "function": "minecraft:furnace_smelt"
            }
          ],
          "name": "minecraft:chicken",
          "weight": 10
        },
        {
          "type": "minecraft:item",
          "name": "minecraft:feather",
          "weight": 10
        },
        {
          "type": "minecraft:item",
          "name": "minecraft:rotten_flesh",
          "weight": 10
        },
        {
          "type": "minecraft:item",
          "name": "minecraft:string",
          "weight": 10
        },
        {
          "type": "minecraft:item",
          "name": "minecraft:phantom_membrane",
          "weight": 2
        }
      ],
      "rolls": 1.0
    }
  ],
  "random_sequence": "minecraft:gameplay/cat_morning_gift"
}