{
  "type": "minecraft:gift",
  "pools": [
    {
      "rolls": 1,
      "bonus_rolls": 0,
      "entries": [
        {
          "type": "minecraft:alternatives",
          "children": [
            {
              "type": "minecraft:item",
              "functions": [
                {
                  "function": "minecraft:set_count",
                  "count": 2
                }
              ],
              "conditions": [
                {
                  "condition": "minecraft:value_check",
                  "value": {
                    "type": "minecraft:score",
                    "target": {
                      "type": "minecraft:fixed",
                      "name": "%apple_limit"
                    },
                    "score": "uhcp_settings"
                  },
                  "range": 1
                }
              ],
              "name": "minecraft:golden_apple",
              "weight": 41
            },
            {
              "type": "minecraft:group",
              "children": [
                {
                  "type": "minecraft:item",
                  "name": "minecraft:golden_apple",
                  "functions": [
                    {
                      "function": "minecraft:set_count",
                      "count": 2
                    }
                  ],
                  "weight": 40
                },
                {
                  "type": "minecraft:item",
                  "name": "minecraft:enchanted_golden_apple",
                  "weight": 1
                }
              ]
            }
          ]
        },
        {
          "type": "minecraft:alternatives",
          "children": [
            {
              "type": "minecraft:group",
              "children": [
                {
                  "type": "minecraft:item",
                  "name": "minecraft:enchanted_book",
                  "weight": 20,
                  "functions": [
                    {
                      "function": "minecraft:set_components",
                      "components": {
                        "minecraft:stored_enchantments": {
                          "minecraft:protection": 1
                        }
                      }
                    }
                  ]
                },
                {
                  "type": "minecraft:item",
                  "name": "minecraft:enchanted_book",
                  "weight": 20,
                  "functions": [
                    {
                      "function": "minecraft:set_components",
                      "components": {
                        "minecraft:stored_enchantments": {
                          "minecraft:sharpness": 1
                        }
                      }
                    }
                  ]
                },
                {
                  "type": "minecraft:item",
                  "name": "minecraft:enchanted_book",
                  "weight": 20,
                  "functions": [
                    {
                      "function": "minecraft:set_components",
                      "components": {
                        "minecraft:stored_enchantments": {
                          "minecraft:power": 1
                        }
                      }
                    }
                  ]
                }
              ],
              "conditions": [
                {
                  "condition": "minecraft:value_check",
                  "value": {
                    "type": "minecraft:score",
                    "target": {
                      "type": "minecraft:fixed",
                      "name": "%enchant_reduce"
                    },
                    "score": "uhcp_settings"
                  },
                  "range": 1
                }
              ]
            },
            {
              "type": "minecraft:group",
              "children": [
                {
                  "type": "minecraft:item",
                  "name": "minecraft:enchanted_book",
                  "weight": 20,
                  "functions": [
                    {
                      "function": "minecraft:set_components",
                      "components": {
                        "minecraft:stored_enchantments": {
                          "minecraft:protection": 2
                        }
                      }
                    }
                  ]
                },
                {
                  "type": "minecraft:item",
                  "name": "minecraft:enchanted_book",
                  "weight": 20,
                  "functions": [
                    {
                      "function": "minecraft:set_components",
                      "components": {
                        "minecraft:stored_enchantments": {
                          "minecraft:sharpness": 2
                        }
                      }
                    }
                  ]
                },
                {
                  "type": "minecraft:item",
                  "name": "minecraft:enchanted_book",
                  "weight": 20,
                  "functions": [
                    {
                      "function": "minecraft:set_components",
                      "components": {
                        "minecraft:stored_enchantments": {
                          "minecraft:power": 2
                        }
                      }
                    }
                  ]
                }
              ]
            }
          ]
        },
        {
          "type": "minecraft:item",
          "name": "minecraft:diamond",
          "functions": [
            {
              "function": "minecraft:set_count",
              "count": 5
            }
          ],
          "weight": 20
        },
        {
          "type": "minecraft:loot_table",
          "weight": 7,
          "value": "uhcp:consumables/relic_invoker",
          "conditions": [
            {
              "condition": "minecraft:value_check",
              "value": {
                "type": "minecraft:score",
                "target": {
                  "type": "minecraft:fixed",
                  "name": "%uhcp_loot"
                },
                "score": "uhcp_settings"
              },
              "range": 1
            }
          ]
        }
      ]
    }
  ]
}