{
  "pools": [
    {
      "rolls": 1,
      "bonus_rolls": 0,
      "entries": [
        {
          "type": "minecraft:item",
          "name": "minecraft:nether_star",
          "functions": [
            {
              "function": "minecraft:set_components",
              "components": {
                "minecraft:enchantment_glint_override": true,
                "minecraft:consumable": {
                  "consume_seconds": 2147483647,
                  "animation": "none",
                  "has_consume_particles": false
                },
                "minecraft:max_stack_size": 1
              }
            },
            {
              "function": "minecraft:set_custom_data",
              "tag": "{uhcp_rightclick:true,uhcp_lobby:true,uhcp_lobby_id:7b}"
            },
            {
              "function": "minecraft:set_lore",
              "entity": "this",
              "lore": [
                [
                  {
                    "text": "Travel to an ",
                    "color": "gray",
                    "bold": false,
                    "italic": false
                  },
                  {
                    "text": "Area",
                    "color": "gold",
                    "bold": true,
                    "italic": false
                  },
                  {
                    "text": " in the Lobby by",
                    "color": "gray",
                    "bold": false,
                    "italic": false
                  }
                ],
                {
                  "text": "right-clicking with this item.",
                  "color": "gray",
                  "italic": false
                }
              ],
              "mode": "replace_all"
            },
            {
              "function": "minecraft:set_name",
              "target": "item_name",
              "name": {
                "text": "Skip Travel",
                "color": "gold",
                "bold": true
              }
            }
          ]
        }
      ]
    }
  ]
}