{
  "pools": [
    {
      "rolls": 1,
      "entries": [
        {
          "type": "minecraft:item",
          "name": "minecraft:snowball",
          "functions": [
            {
              "function": "minecraft:set_components",
              "components": {
                "minecraft:enchantment_glint_override": true
              }
            }
          ],
          "conditions": [
            {
              "condition": "minecraft:entity_scores",
              "entity": "this",
              "scores": {
                "uhcp_lobby_item": 8
              }
            }
          ]
        },
        {
          "type": "minecraft:item",
          "name": "minecraft:player_head",
          "functions": [
            {
              "function": "minecraft:set_lore",
              "lore": [
                "STOP POSTING ABOUT AMONG US"
              ],
              "mode": "replace_all"
            },
            {
              "function": "minecraft:set_name",
              "target": "item_name",
              "name": "Crewmate"
            },
            {
              "function": "minecraft:set_components",
              "components": {
                "!minecraft:equippable": {},
                "minecraft:profile": {
                  "id": [
                    1103181598,
                    442909615,
                    -1944221175,
                    -54642410
                  ],
                  "properties": [
                    {
                      "name": "textures",
                      "value": "eyJ0ZXh0dXJlcyI6eyJTS0lOIjp7InVybCI6Imh0dHA6Ly90ZXh0dXJlcy5taW5lY3JhZnQubmV0L3RleHR1cmUvZjg5YmNlNzM2YTRmZDc5M2VlMmEzODI3NTZhMjUzZjkyY2E3ZDdlYWMwMzFlNDViYTk3YWQwNmNlODYzZGQ0YiJ9fX0="
                    }
                  ]
                }
              }
            }
          ],
          "conditions": [
            {
              "condition": "minecraft:entity_scores",
              "entity": "this",
              "scores": {
                "uhcp_lobby_item": 7
              }
            }
          ]
        },
        {
          "type": "minecraft:item",
          "name": "minecraft:stick",
          "functions": [
            {
              "function": "minecraft:set_components",
              "components": {
                "minecraft:enchantments": {
                  "minecraft:knockback": 10
                }
              }
            }
          ],
          "conditions": [
            {
              "condition": "minecraft:entity_scores",
              "entity": "this",
              "scores": {
                "uhcp_lobby_item": 6
              }
            }
          ]
        },
        {
          "type": "minecraft:item",
          "name": "minecraft:firework_rocket",
          "functions": [
            {
              "function": "minecraft:set_components",
              "components": {
                "minecraft:fireworks": {
                  "flight_duration": 5,
                  "explosions": [
                    {
                      "shape": "star",
                      "colors": [
                        15007744,
                        16747776,
                        16772608,
                        164129,
                        19711,
                        7798920
                      ],
                      "fade_colors": [
                        15007744,
                        16747776,
                        16772608,
                        164129,
                        19711,
                        7798920
                      ],
                      "has_trail": true,
                      "has_twinkle": true
                    }
                  ]
                },
                "minecraft:enchantment_glint_override": true,
                "minecraft:can_place_on": {
                  "predicates": {}
                }
              }
            },
            {
              "function": "minecraft:toggle_tooltips",
              "toggles": {
                "minecraft:fireworks": false,
                "minecraft:can_place_on": false
              }
            }
          ],
          "conditions": [
            {
              "condition": "minecraft:entity_scores",
              "entity": "this",
              "scores": {
                "uhcp_lobby_item": 5
              }
            }
          ]
        },
        {
          "type": "minecraft:item",
          "name": "minecraft:firework_rocket",
          "functions": [
            {
              "function": "minecraft:set_components",
              "components": {
                "minecraft:fireworks": {
                  "flight_duration": 5,
                  "explosions": [
                    {
                      "shape": "small_ball",
                      "colors": [
                        16251127
                      ],
                      "has_trail": true,
                      "has_twinkle": false
                    },
                    {
                      "shape": "small_ball",
                      "colors": [
                        16099768
                      ],
                      "has_trail": true,
                      "has_twinkle": true
                    },
                    {
                      "shape": "small_ball",
                      "colors": [
                        6016762
                      ],
                      "has_trail": true,
                      "has_twinkle": true
                    }
                  ]
                },
                "minecraft:enchantment_glint_override": true,
                "minecraft:can_place_on": {
                  "predicates": {}
                }
              }
            },
            {
              "function": "minecraft:toggle_tooltips",
              "toggles": {
                "minecraft:fireworks": false,
                "minecraft:can_place_on": false
              }
            }
          ],
          "conditions": [
            {
              "condition": "minecraft:entity_scores",
              "entity": "this",
              "scores": {
                "uhcp_lobby_item": 4
              }
            }
          ]
        },
        {
          "type": "minecraft:item",
          "name": "minecraft:goat_horn",
          "functions": [
            {
              "function": "minecraft:set_components",
              "components": {
                "minecraft:instrument": "minecraft:ponder_goat_horn"
              }
            }
          ],
          "conditions": [
            {
              "condition": "minecraft:entity_scores",
              "entity": "this",
              "scores": {
                "uhcp_lobby_item": 3
              }
            }
          ]
        },
        {
          "type": "minecraft:item",
          "name": "minecraft:splash_potion",
          "functions": [
            {
              "function": "minecraft:set_components",
              "components": {
                "minecraft:potion_contents": {
                  "potion": "minecraft:strong_slowness"
                }
              }
            }
          ],
          "conditions": [
            {
              "condition": "minecraft:entity_scores",
              "entity": "this",
              "scores": {
                "uhcp_lobby_item": 2
              }
            }
          ]
        },
        {
          "type": "minecraft:item",
          "name": "minecraft:crossbow",
          "functions": [
            {
              "function": "minecraft:set_lore",
              "entity": "this",
              "lore": [
                [
                  {
                    "text": "Shoots arrows that make",
                    "color": "gray"
                  }
                ],
                [
                  {
                    "text": "people ",
                    "color": "gray"
                  },
                  {
                    "text": "glow",
                    "color": "yellow"
                  },
                  {
                    "text": "..."
                  }
                ]
              ],
              "mode": "replace_all"
            },
            {
              "function": "minecraft:set_name",
              "target": "item_name",
              "name": {
                "text": "The Bow of Glow",
                "color": "aqua",
                "bold": true
              }
            },
            {
              "function": "minecraft:set_custom_data",
              "tag": "{uhcp_glowbow:1b}"
            },
            {
              "function": "minecraft:set_components",
              "components": {
                "minecraft:unbreakable": {},
                "minecraft:enchantment_glint_override": true,
                "minecraft:charged_projectiles": [
                  {
                    "id": "minecraft:spectral_arrow",
                    "count": 1
                  }
                ]
              }
            },
            {
              "function": "minecraft:toggle_tooltips",
              "toggles": {
                "minecraft:unbreakable": false,
                "minecraft:charged_projectiles": false
              }
            }
          ],
          "conditions": [
            {
              "condition": "minecraft:entity_scores",
              "entity": "this",
              "scores": {
                "uhcp_lobby_item": 1
              }
            }
          ]
        },
        {
          "type": "minecraft:item",
          "name": "minecraft:fishing_rod",
          "functions": [
            {
              "function": "minecraft:set_components",
              "components": {
                "minecraft:unbreakable": {},
                "minecraft:enchantments": {
                  "minecraft:luck_of_the_sea": 10,
                  "minecraft:lure": 5
                }
              }
            },
            {
              "function": "minecraft:set_custom_data",
              "tag": {
                "uhcp_cat_lady": false
              }
            },
            {
              "function": "minecraft:toggle_tooltips",
              "toggles": {
                "minecraft:unbreakable": false
              }
            }
          ],
          "conditions": [
            {
              "condition": "minecraft:entity_scores",
              "entity": "this",
              "scores": {
                "uhcp_lobby_item": 0
              }
            }
          ]
        }
      ]
    }
  ]
}