{
  "criteria": {
    "requirement": {
      "trigger": "minecraft:default_block_use",
      "conditions": {
        "player": [
          {
            "condition": "minecraft:all_of",
            "terms": [
              {
                "condition": "minecraft:entity_properties",
                "entity": "this",
                "predicate": {
                  "type_specific": {
                    "type": "minecraft:player",
                    "gamemode": [
                      "survival"
                    ]
                  }
                }
              },
              {
                "condition": "minecraft:any_of",
                "terms": [
                  {
                    "condition": "minecraft:entity_scores",
                    "entity": "this",
                    "scores": {
                      "uhcp_augment": 222
                    }
                  },
                  {
                    "condition": "minecraft:entity_properties",
                    "entity": "this",
                    "predicate": {
                      "slots": {
                        "armor.*": {
                          "items": "#uhcp:tools",
                          "predicates": {
                            "minecraft:custom_data": "{solo_level:1b}"
                          }
                        }
                      }
                    }
                  },
                  {
                    "condition": "minecraft:entity_properties",
                    "entity": "this",
                    "predicate": {
                      "slots": {
                        "container.*": {
                          "items": "#uhcp:tools",
                          "predicates": {
                            "minecraft:custom_data": "{solo_level:1b}"
                          }
                        }
                      }
                    }
                  },
                  {
                    "condition": "minecraft:entity_properties",
                    "entity": "this",
                    "predicate": {
                      "slots": {
                        "weapon.offhand": {
                          "items": "#uhcp:tools",
                          "predicates": {
                            "minecraft:custom_data": "{solo_level:1b}"
                          }
                        }
                      }
                    }
                  }
                ]
              }
            ]
          }
        ],
        "location": [
          {
            "condition": "minecraft:location_check",
            "predicate": {
              "block": {
                "blocks": "#uhcp:solo_level/banned_use"
              }
            }
          }
        ]
      }
    }
  },
  "rewards": {
    "function": "uhcp:augments/effects/prismatic/sololeveling/interact"
  }
}