{
  "criteria": {
    "requirement": {
      "trigger": "minecraft:inventory_changed",
      "conditions": {
        "player": [
          {
            "condition": "minecraft:all_of",
            "terms": [
              {
                "condition": "minecraft:entity_properties",
                "entity": "this",
                "predicate": {
                  "type_specific": {
                    "type": "minecraft:player",
                    "gamemode": [
                      "survival"
                    ]
                  }
                }
              },
              {
                "condition": "minecraft:inverted",
                "term": {
                  "condition": "minecraft:any_of",
                  "terms": [
                    {
                      "condition": "minecraft:entity_scores",
                      "entity": "this",
                      "scores": {
                        "uhcp_augment": 222
                      }
                    },
                    {
                      "condition": "minecraft:entity_scores",
                      "entity": "this",
                      "scores": {
                          "uhcp_leave": {
                          "min": 1
                          }
                      }
                    },
                    {
                      "condition": "minecraft:any_of",
                      "terms": [
                        {
                          "condition": "minecraft:entity_properties",
                          "entity": "this",
                          "predicate": {
                            "slots": {
                              "armor.*": {
                                "items": "#uhcp:tools",
                                "predicates": {
                                  "minecraft:custom_data": "{solo_level:1b}"
                                }
                              }
                            }
                          }
                        },
                        {
                          "condition": "minecraft:entity_properties",
                          "entity": "this",
                          "predicate": {
                            "slots": {
                              "container.*": {
                                "items": "#uhcp:tools",
                                "predicates": {
                                  "minecraft:custom_data": "{solo_level:1b}"
                                }
                              }
                            }
                          }
                        },
                        {
                          "condition": "minecraft:entity_properties",
                          "entity": "this",
                          "predicate": {
                            "slots": {
                              "weapon.offhand": {
                                "items": "#uhcp:tools",
                                "predicates": {
                                  "minecraft:custom_data": "{solo_level:1b}"
                                }
                              }
                            }
                          }
                        }
                      ]
                    }
                  ]
                }
              }
            ]
          }
        ]
      }
    }
  },
  "rewards": {
    "function": "uhcp:augments/effects/prismatic/sololeveling/interact/drop"
  }
}