{
  "criteria": {
    "requirement": {
      "trigger": "minecraft:location",
      "conditions": {
        "player": [
          {
            "condition": "minecraft:any_of",
            "terms": [
              {
                "condition": "minecraft:entity_properties",
                "entity": "this",
                "predicate": {
                  "slots": {
                    "container.*": {
                      "predicates": {
                        "minecraft:custom_data": {
                          "uhcp_relic": true
                        },
                        "minecraft:damage": {
                          "damage": {
                            "min": 1
                          }
                        }
                      }
                    }
                  }
                }
              },
              {
                "condition": "minecraft:entity_properties",
                "entity": "this",
                "predicate": {
                  "slots": {
                    "weapon.offhand": {
                      "predicates": {
                        "minecraft:custom_data": {
                          "uhcp_relic": true
                        },
                        "minecraft:damage": {
                          "damage": {
                            "min": 1
                          }
                        }
                      }
                    }
                  }
                }
              }
            ]
          }
        ]
      }
    }
  },
  "rewards": {
    "function": "uhcp:relics/durability/update_inventory"
  }
}