{
  "pools": [
    {
      "rolls": 1,
      "entries": [
        {
          "type": "minecraft:loot_table",
          "value": "uhcp:relics/dragons_protection",
          "functions": [
            {
              "function": "minecraft:set_name",
              "target": "item_name",
              "name": [
                {
                  "text": "Radiant ",
                  "color": "light_purple",
                  "bold": true
                },
                {
                  "text": "Drag",
                  "color": "#0800FF",
                  "bold": true
                },
                {
                  "text": "on's",
                  "color": "#2B64FF"
                },
                {
                  "text": " Prot",
                  "color": "#428EFF"
                },
                {
                  "text": "ection",
                  "color": "#54B5FF"
                },
                {
                  "text": " ℝ",
                  "color": "white",
                  "bold": false
                }
              ]
            },
            {
              "function": "minecraft:set_lore",
              "entity": "this",
              "lore": [
                {
                  "text": ""
                },
                [
                  {
                    "text": "Radiant Bonus:",
                    "color": "blue",
                    "bold": false,
                    "italic": false
                  },
                  [
                    {
                      "text": " Rain down",
                      "color": "gray"
                    },
                    {
                      "text": " Fireballs",
                      "color": "blue"
                    }
                  ]
                ],
                [
                  {
                    "text": "at your location. Gain",
                    "color": "gray",
                    "italic": false
                  },
                  {
                    "text": " Resistance I",
                    "color": "yellow"
                  }
                ],
                [
                  {
                    "text": "and",
                    "color": "gray",
                    "italic": false
                  },
                  {
                    "text": " Fire Resistance",
                    "color": "yellow"
                  },
                  {
                    "text": " for 45 seconds.",
                    "color": "gray"
                  }
                ]
              ],
              "mode": "append"
            },
            {
              "function": "minecraft:set_custom_data",
              "tag": "{uhcp_rightclick:true,uhcp_relic:true,uhcp_relic_id:8b,uhcp_radiant:true}"
            }
          ]
        }
      ]
    }
  ]
}