{
  "pools": [
    {
      "rolls": 1,
      "entries": [
        {
          "type": "minecraft:loot_table",
          "value": "uhcp:relics/flux_factor",
          "functions": [
            {
              "function": "minecraft:set_name",
              "target": "item_name",
              "name": [
                {
                  "text": "Radiant ",
                  "color": "light_purple",
                  "bold": true
                },
                {
                  "text": "Fl",
                  "color": "#0800FF",
                  "bold": true
                },
                {
                  "text": "ux",
                  "color": "#2B64FF"
                },
                {
                  "text": " Fa",
                  "color": "#428EFF"
                },
                {
                  "text": "ct",
                  "color": "#54B5FF"
                },
                {
                  "text": "or",
                  "color": "#54C0FF"
                },
                {
                  "text": " ℝ",
                  "color": "white",
                  "bold": false
                }
              ]
            },
            {
              "function": "minecraft:set_lore",
              "entity": "this",
              "lore": [
                {
                  "text": ""
                },
                [
                  {
                    "text": "Radiant Bonus:",
                    "color": "blue",
                    "bold": false,
                    "italic": false
                  },
                  {
                    "text": " After the zone disappears,",
                    "color": "gray"
                  }
                ],
                [
                  {
                    "text": "all enemies are struck by",
                    "color": "gray",
                    "italic": false
                  },
                  {
                    "text": " Lightning",
                    "color": "blue"
                  },
                  {
                    "text": ".",
                    "color": "gray"
                  }
                ]
              ],
              "mode": "append"
            },
            {
              "function": "minecraft:set_custom_data",
              "tag": "{uhcp_rightclick:true,uhcp_relic:true,uhcp_relic_id:2b,uhcp_radiant:true}"
            }
          ]
        }
      ]
    }
  ]
}