{
  "condition": "minecraft:entity_properties",
  "entity": "this",
  "predicate": {
    "type_specific": {
      "type": "minecraft:player",
      "gamemode": [
        "survival"
      ]
    },
    "location": {
      "position": {
        "x": {
          "min": -70,
          "max": 71
        },
        "z": {
          "min": -70,
          "max": 71
        }
      },
      "dimension": "minecraft:overworld",
      "fluid": {
        "fluids": "#minecraft:lava"
      }
    }
  }
}