{
  "pools": [
    {
      "rolls": 1,
      "entries": [
        {
          "type": "minecraft:item",
          "name": "minecraft:diamond_sword"
        },
        {
          "type": "minecraft:item",
          "name": "minecraft:diamond_axe"
        },
        {
          "type": "minecraft:item",
          "name": "minecraft:netherite_sword"
        },
        {
          "type": "minecraft:item",
          "name": "minecraft:netherite_axe"
        },
        {
          "type": "minecraft:item",
          "name": "minecraft:trident"
        },
        {
          "type": "minecraft:item",
          "name": "minecraft:carrot_on_a_stick"
        }
      ]
    }
  ]
}