{
  "type": "minecraft:generic",
  "pools": [
    {
      "rolls": 1,
      "entries": [
        {
          "type": "minecraft:item",
          "name": "minecraft:gunpowder",
          "functions": [
            {
              "function": "minecraft:set_lore",
              "entity": "this",
              "lore": [
                [
                  {
                    "text": "Right click while holding to activate.",
                    "color": "gray"
                  }
                ],
                [
                  {
                    "text": "When activated, your body will explode",
                    "color": "gray"
                  }
                ],
                [
                  {
                    "text": "the next time you die.",
                    "color": "gray"
                  }
                ]
              ],
              "mode": "replace_all"
            },
            {
              "function": "minecraft:set_name",
              "target": "item_name",
              "name": {
                "text": "Grand Gunpowder",
                "color": "light_purple"
              }
            },
            {
              "function": "minecraft:set_components",
              "components": {
                "minecraft:consumable": {
                  "consume_seconds": 2147483647,
                  "animation": "none",
                  "has_consume_particles": false
                },
                "minecraft:enchantment_glint_override": true,
                "minecraft:max_stack_size": 1
              }
            }
          ]
        }
      ],
      "functions": [
        {
          "function": "minecraft:set_custom_data",
          "tag": "{uhcp_rightclick:true,uhcp_consumable:true,uhcp_consumable_id:8b}"
        }
      ]
    }
  ]
}