{
  "type": "minecraft:generic",
  "pools": [
    {
      "rolls": 1,
      "entries": [
        {
          "type": "minecraft:item",
          "name": "minecraft:music_disc_pigstep",
          "functions": [
            {
              "function": "minecraft:set_lore",
              "entity": "this",
              "lore": [
                [
                  {
                    "text": "Start a Rave. All Players within",
                    "color": "gray"
                  }
                ],
                [
                  {
                    "text": "50 blocks are inflicted with",
                    "color": "gray"
                  },
                  {
                    "text": " Blindness",
                    "color": "yellow"
                  }
                ],
                [
                  {
                    "text": "and",
                    "color": "gray"
                  },
                  {
                    "text": " Glowing",
                    "color": "yellow"
                  },
                  {
                    "text": " for 30 seconds.",
                    "color": "gray"
                  }
                ]
              ],
              "mode": "replace_all"
            },
            {
              "function": "minecraft:set_name",
              "target": "item_name",
              "name": {
                "text": "Groovy Disc",
                "color": "light_purple"
              }
            },
            {
              "function": "minecraft:set_components",
              "components": {
                "minecraft:consumable": {
                  "consume_seconds": 2147483647,
                  "animation": "none",
                  "has_consume_particles": false
                },
                "minecraft:enchantment_glint_override": true,
                "!minecraft:jukebox_playable": {}
              }
            }
          ]
        }
      ],
      "functions": [
        {
          "function": "minecraft:set_custom_data",
          "tag": "{uhcp_rightclick:true,uhcp_consumable:true,uhcp_consumable_id:5b}"
        }
      ]
    }
  ]
}