{
  "type": "minecraft:generic",
  "pools": [
    {
      "rolls": 1,
      "entries": [
        {
          "type": "minecraft:item",
          "name": "minecraft:nautilus_shell",
          "functions": [
            {
              "function": "minecraft:set_lore",
              "entity": "this",
              "lore": [
                [
                  [
                    {
                      "text": "Gain permanent",
                      "color": "gray"
                    },
                    {
                      "text": " Dolphin's Grace",
                      "color": "yellow"
                    },
                    {
                      "text": ".",
                      "color": "gray"
                    }
                  ]
                ],
                {
                  "text": "Start a thunderstorm that lasts",
                  "color": "gray"
                },
                {
                  "text": "10 minutes.",
                  "color": "gray"
                }
              ],
              "mode": "replace_all"
            },
            {
              "function": "minecraft:set_name",
              "target": "item_name",
              "name": {
                "text": "High Tide",
                "color": "light_purple"
              }
            },
            {
              "function": "minecraft:set_components",
              "components": {
                "minecraft:consumable": {
                  "consume_seconds": 2147483647,
                  "animation": "none",
                  "has_consume_particles": false
                },
                "minecraft:enchantment_glint_override": true
              }
            }
          ]
        }
      ],
      "functions": [
        {
          "function": "minecraft:set_custom_data",
          "tag": "{uhcp_rightclick:true,uhcp_consumable:true,uhcp_consumable_id:11b}"
        }
      ]
    }
  ]
}