{
  "pools": [
    {
      "rolls": 1,
      "entries": [
        {
          "type": "minecraft:item",
          "name": "minecraft:tide_armor_trim_smithing_template"
        }
      ],
      "functions": [
        {
          "function": "minecraft:set_lore",
          "entity": "this",
          "lore": [
            {
              "text": "Somewhat duplicates the item in your offhand.",
              "color": "gray"
            },
            [
              {
                "text": "Enchantments and other Special Effects are",
                "color": "dark_red"
              }
            ],
            {
              "text": "not copied over.",
              "color": "dark_red"
            }
          ],
          "mode": "replace_all"
        },
        {
          "function": "minecraft:set_custom_data",
          "tag": "{uhcp_rightclick:true,uhcp_consumable:true,uhcp_consumable_id:2b}"
        },
        {
          "function": "minecraft:set_components",
          "components": {
            "minecraft:enchantment_glint_override": true,
            "minecraft:consumable": {
              "consume_seconds": 2147483647,
              "animation": "none",
              "has_consume_particles": false
            },
            "minecraft:max_stack_size": 1
          }
        },
        {
          "function": "minecraft:toggle_tooltips",
          "toggles": {}
        },
        {
          "function": "minecraft:set_name",
          "target": "item_name",
          "name": {
            "text": "Lesser Item Duplicator",
            "color": "light_purple"
          }
        }
      ]
    }
  ]
}