{
  "type": "minecraft:generic",
  "pools": [
    {
      "rolls": 1,
      "entries": [
        {
          "type": "minecraft:item",
          "name": "minecraft:rabbit_foot",
          "functions": [
            {
              "function": "minecraft:set_lore",
              "entity": "this",
              "lore": [
                [
                  {
                    "text": "Transform all players, including the user,",
                    "color": "gray"
                  }
                ],
                [
                  {
                    "text": "into harmless",
                    "color": "gray",
                    "italic": true
                  },
                  {
                    "text": " Rabbits",
                    "color": "blue"
                  },
                  {
                    "text": " for 10 seconds.",
                    "color": "gray"
                  }
                ]
              ],
              "mode": "replace_all"
            },
            {
              "function": "minecraft:set_name",
              "entity": "this",
              "target": "item_name",
              "name": {
                "text": "Magic Trick",
                "color": "light_purple"
              }
            },
            {
              "function": "minecraft:set_components",
              "components": {
                "minecraft:consumable": {
                  "consume_seconds": 2147483647,
                  "animation": "none",
                  "has_consume_particles": false
                },
                "minecraft:enchantment_glint_override": true
              }
            }
          ]
        }
      ],
      "functions": [
        {
          "function": "minecraft:set_custom_data",
          "tag": "{uhcp_rightclick:true,uhcp_consumable:true,uhcp_consumable_id:6b}"
        }
      ]
    }
  ]
}