{
  "pools": [
    {
      "rolls": 1,
      "entries": [
        {
          "type": "minecraft:item",
          "weight": 1,
          "name": "minecraft:magma_cream",
          "functions": [
            {
              "function": "minecraft:set_count",
              "count": 1
            },
            {
              "function": "minecraft:set_components",
              "components": {
                "minecraft:enchantment_glint_override": true,
                "minecraft:consumable": {
                  "consume_seconds": 2147483647,
                  "animation": "none",
                  "has_consume_particles": false
                },
                "minecraft:max_stack_size": 1
              }
            },
            {
              "function": "minecraft:set_custom_data",
              "tag": "{uhcp_rightclick:true,uhcp_consumable:true,uhcp_consumable_id:1b}"
            },
            {
              "function": "minecraft:set_name",
              "target": "item_name",
              "name": [
                {
                  "text": "Portable Lava Pool",
                  "color": "light_purple"
                }
              ]
            },
            {
              "function": "minecraft:set_lore",
              "mode": "replace_all",
              "lore": [
                {
                  "text": "Instantly place down a 5x1x5",
                  "color": "gray"
                },
                [
                  {
                    "text": "Lava Pool ",
                    "color": "red"
                  },
                  {
                    "text": "in front of you.",
                    "color": "gray"
                  }
                ]
              ]
            }
          ]
        }
      ]
    }
  ]
}