{
  "type": "minecraft:generic",
  "pools": [
    {
      "rolls": 1,
      "entries": [
        {
          "type": "minecraft:item",
          "name": "minecraft:bone",
          "functions": [
            {
              "function": "minecraft:set_lore",
              "entity": "this",
              "lore": [
                [
                  [
                    {
                      "text": "Spawn a large, tamed wolf that",
                      "color": "gray"
                    }
                  ]
                ],
                {
                  "text": "can disable enemy shields on hit.",
                  "color": "gray"
                }
              ],
              "mode": "replace_all"
            },
            {
              "function": "minecraft:set_name",
              "target": "item_name",
              "name": {
                "text": "Ragnarök Bone",
                "color": "light_purple"
              }
            },
            {
              "function": "minecraft:set_components",
              "components": {
                "minecraft:consumable": {
                  "consume_seconds": 2147483647,
                  "animation": "none",
                  "has_consume_particles": false
                },
                "minecraft:enchantment_glint_override": true
              }
            }
          ]
        }
      ],
      "functions": [
        {
          "function": "minecraft:set_custom_data",
          "tag": "{uhcp_rightclick:true,uhcp_consumable:true,uhcp_consumable_id:10b}"
        }
      ]
    }
  ]
}