{
  "pools": [
    {
      "rolls": 1,
      "entries": [
        {
          "type": "minecraft:item",
          "weight": 1,
          "name": "minecraft:silence_armor_trim_smithing_template",
          "functions": [
            {
              "function": "minecraft:set_count",
              "count": 1
            },
            {
              "function": "minecraft:set_components",
              "components": {
                "minecraft:enchantment_glint_override": true,
                "minecraft:consumable": {
                  "consume_seconds": 2147483647,
                  "animation": "none",
                  "has_consume_particles": false
                },
                "minecraft:max_stack_size": 1
              }
            },
            {
              "function": "minecraft:toggle_tooltips",
              "toggles": {}
            },
            {
              "function": "minecraft:set_custom_data",
              "tag": "{uhcp_rightclick:true,uhcp_consumable:true,uhcp_consumable_id:3b}"
            },
            {
              "function": "minecraft:set_name",
              "target": "item_name",
              "name": [
                {
                  "text": "Relic Invoker",
                  "color": "light_purple"
                }
              ]
            },
            {
              "function": "minecraft:set_lore",
              "mode": "replace_all",
              "lore": [
                [
                  {
                    "text": "Obtain a",
                    "color": "gray"
                  },
                  {
                    "text": " random ",
                    "color": "gray"
                  },
                  {
                    "text": "Relic",
                    "color": "gold"
                  },
                  {
                    "text": ".",
                    "color": "gray"
                  }
                ],
                {
                  "text": " "
                },
                [
                  {
                    "text": "\"Yo",
                    "color": "dark_purple",
                    "obfuscated": false
                  },
                  {
                    "text": "u",
                    "obfuscated": true
                  },
                  {
                    "text": " he"
                  },
                  {
                    "text": "a",
                    "obfuscated": true
                  },
                  {
                    "text": "r whis"
                  },
                  {
                    "text": "p",
                    "obfuscated": true
                  },
                  {
                    "text": "ers of a b"
                  },
                  {
                    "text": "y",
                    "obfuscated": true
                  },
                  {
                    "text": "gone e"
                  },
                  {
                    "text": "ra",
                    "obfuscated": true
                  },
                  {
                    "text": "...\""
                  }
                ]
              ]
            }
          ]
        }
      ]
    }
  ]
}