{
  "pools": [
    {
      "rolls": 1,
      "entries": [
        {
          "type": "minecraft:item",
          "name": "minecraft:apple",
          "functions": [
            {
              "function": "minecraft:set_custom_data",
              "tag": {
                "uhcp_soulapple": true
              }
            },
            {
              "function": "minecraft:set_components",
              "components": {
                "minecraft:rarity": "uncommon",
                "minecraft:enchantment_glint_override": true,
                "minecraft:food": {
                  "nutrition": 4,
                  "saturation": 0,
                  "can_always_eat": true
                }
              }
            },
            {
              "function": "minecraft:set_lore",
              "entity": "this",
              "lore": [
                [
                  {
                    "text": "Gain",
                    "color": "gray"
                  },
                  {
                    "text": " 2🖤, Regeneration III",
                    "color": "yellow"
                  },
                  {
                    "text": " and",
                    "color": "gray"
                  },
                  {
                    "text": " Speed I",
                    "color": "yellow"
                  }
                ],
                [
                  {
                    "text": "for 12 seconds upon consumption.",
                    "color": "gray"
                  }
                ],
                {
                  "text": "Additionally, gain 8 Levels.",
                  "color": "gray"
                },
                [
                  {
                    "text": "(Total healing: ",
                    "color": "gray"
                  },
                  {
                    "text": "10🖤",
                    "color": "red"
                  },
                  {
                    "text": ")",
                    "color": "gray"
                  }
                ],
                {
                  "text":""
                },
                {
                  "text": "An apple infused with the souls of fallen enemies...",
                  "color": "light_purple"
                }
              ],
              "mode": "replace_all"
            },
            {
              "function": "minecraft:set_name",
              "target": "item_name",
              "name": "Soul Apple"
            }
          ]
        }
      ]
    }
  ],
  "functions": [
    {
      "function": "minecraft:set_count",
      "count": {
        "type": "minecraft:score",
        "target": {
          "type": "minecraft:fixed",
          "name": "%soul_apples"
        },
        "score": "uhcp_settings",
        "scale": 1
      },
      "add": false
    }
  ]
}