{
  "type": "minecraft:generic",
  "pools": [
    {
      "rolls": 1,
      "entries": [
        {
          "type": "minecraft:item",
          "name": "minecraft:rotten_flesh",
          "functions": [
            {
              "function": "minecraft:set_lore",
              "entity": "this",
              "lore": [
                [
                  {
                    "text": "Grants",
                    "color": "gray"
                  },
                  {
                    "text": " +4🖤",
                    "color": "yellow",
                    "italic": true
                  },
                  {
                    "text": " for 30 seconds",
                    "color": "gray",
                    "italic": true
                  }
                ],
                {
                  "text": "when consumed.",
                  "color": "gray",
                  "italic": true
                }
              ],
              "mode": "replace_all"
            },
            {
              "function": "minecraft:set_name",
              "target": "item_name",
              "name": {
                "text": "Suspicious Flesh",
                "color": "light_purple"
              }
            },
            {
              "function": "minecraft:set_components",
              "components": {
                "minecraft:consumable": {
                  "animation": "eat",
                  "has_consume_particles": true,
                  "on_consume_effects": [
                    {
                      "type": "minecraft:apply_effects",
                      "effects": [
                        {
                          "id": "minecraft:hunger",
                          "amplifier": 0,
                          "duration": 600,
                          "ambient": false,
                          "show_particles": true,
                          "show_icon": true
                        }
                      ],
                      "probability": 0.8
                    },
                    {
                      "type": "minecraft:apply_effects",
                      "effects": [
                        {
                          "id": "minecraft:absorption",
                          "amplifier": 1,
                          "duration": 600,
                          "ambient": false,
                          "show_particles": true,
                          "show_icon": true
                        }
                      ]
                    }
                  ],
                  "sound": "entity.generic.eat"
                },
                "minecraft:food": {
                  "nutrition": 4,
                  "saturation": 0,
                  "can_always_eat": true
                },
                "minecraft:enchantment_glint_override": true
              }
            }
          ]
        }
      ]
    }
  ]
}