{
  "pools": [
    {
      "rolls": 1,
      "entries": [
        {
          "type": "minecraft:item",
          "name": "minecraft:feather",
          "weight": 1,
          "functions": [
            {
              "function": "minecraft:set_components",
              "components": {
                "minecraft:enchantment_glint_override": true,
                "minecraft:consumable": {
                  "consume_seconds": 2147483647,
                  "animation": "none",
                  "has_consume_particles": false
                },
                "minecraft:max_stack_size": 64
              }
            },
            {
              "function": "minecraft:set_custom_data",
              "tag": "{uhcp_rightclick:true,uhcp_consumable:true,uhcp_consumable_id:4b}"
            },
            {
              "function": "minecraft:set_name",
              "target": "item_name",
              "name": [
                {
                  "text": "Wild Feather",
                  "color": "light_purple"
                }
              ]
            },
            {
              "function": "minecraft:set_lore",
              "lore": [
                {
                  "text": "Teleport to a random teammate.",
                  "color": "gray"
                },
                {
                  "text": ""
                },
                {
                  "text": "If you have no teammates, teleport",
                  "color": "gray"
                },
                {
                  "text": "a short distance away. If you are",
                  "color": "gray"
                },
                {
                  "text": "underground, teleport to the surface.",
                  "color": "gray"
                }
              ],
              "mode": "replace_all"
            }
          ]
        }
      ]
    }
  ]
}