{
  "function": "minecraft:set_attributes",
  "modifiers": [
    {
      "id": "uhcp:cd_max_health",
      "attribute": "minecraft:max_health",
      "amount": {
        "type": "minecraft:score",
        "target": {
          "type": "minecraft:fixed",
          "name": "%cd_max_health"
        },
        "score": "uhcp_aug_count",
        "scale": 1
      },
      "operation": "add_value",
      "slot": "chest"
    },
    {
      "id": "uhcp:cd_attack_damage",
      "attribute": "minecraft:attack_damage",
      "amount": {
        "type": "minecraft:score",
        "target": {
          "type": "minecraft:fixed",
          "name": "%cd_attack_damage"
        },
        "score": "uhcp_aug_count",
        "scale": 0.1
      },
      "operation": "add_value",
      "slot": "chest"
    },
    {
      "id": "uhcp:cd_attack_speed",
      "attribute": "minecraft:attack_speed",
      "amount": {
        "type": "minecraft:score",
        "target": {
          "type": "minecraft:fixed",
          "name": "%cd_attack_speed"
        },
        "score": "uhcp_aug_count",
        "scale": 0.001
      },
      "operation": "add_multiplied_total",
      "slot": "chest"
    },
    {
      "id": "uhcp:cd_movement_speed",
      "attribute": "minecraft:movement_speed",
      "amount": {
        "type": "minecraft:score",
        "target": {
          "type": "minecraft:fixed",
          "name": "%cd_movement_speed"
        },
        "score": "uhcp_aug_count",
        "scale": 0.001
      },
      "operation": "add_multiplied_total",
      "slot": "chest"
    },
    {
      "id": "uhcp:cd_entity_range",
      "attribute": "minecraft:entity_interaction_range",
      "amount": {
        "type": "minecraft:score",
        "target": {
          "type": "minecraft:fixed",
          "name": "%cd_entity_interaction_range"
        },
        "score": "uhcp_aug_count",
        "scale": 0.1
      },
      "operation": "add_value",
      "slot": "chest"
    },
    {
      "id": "uhcp:cd_armor_toughness",
      "attribute": "minecraft:armor_toughness",
      "amount": {
        "type": "minecraft:score",
        "target": {
          "type": "minecraft:fixed",
          "name": "%cd_armor_toughness"
        },
        "score": "uhcp_aug_count",
        "scale": 1
      },
      "operation": "add_value",
      "slot": "chest"
    },
    {
      "id": "uhcp:cd_armor",
      "attribute": "minecraft:armor",
      "amount": {
        "type": "minecraft:score",
        "target": {
          "type": "minecraft:fixed",
          "name": "%cd_armor"
        },
        "score": "uhcp_aug_count",
        "scale": 1
      },
      "operation": "add_value",
      "slot": "chest"
    }
  ]
}