[
  {
    "condition": "minecraft:any_of",
    "terms": [
      {
        "condition": "minecraft:entity_properties",
        "entity": "this",
        "predicate": {
          "slots": {
            "container.*": {
              "items": "minecraft:ender_pearl"
            }
          }
        }
      },
      {
        "condition": "minecraft:entity_properties",
        "entity": "this",
        "predicate": {
          "slots": {
            "weapon.offhand": {
              "items": "minecraft:ender_pearl"
            }
          }
        }
      }
    ]
  }
]