{
  "condition": "minecraft:inverted",
  "term": {
    "condition": "minecraft:entity_properties",
    "entity": "this",
    "predicate": {
      "slots": {
        "container.27": {
          "predicates": {
            "minecraft:custom_data": "{uhcp_lockedslot:true}"
          }
        },
        "container.28": {
          "predicates": {
            "minecraft:custom_data": "{uhcp_lockedslot:true}"
          }
        },
        "container.29": {
          "predicates": {
            "minecraft:custom_data": "{uhcp_lockedslot:true}"
          }
        },
        "container.30": {
          "predicates": {
            "minecraft:custom_data": "{uhcp_lockedslot:true}"
          }
        },
        "container.31": {
          "predicates": {
            "minecraft:custom_data": "{uhcp_lockedslot:true}"
          }
        },
        "container.32": {
          "predicates": {
            "minecraft:custom_data": "{uhcp_lockedslot:true}"
          }
        },
        "container.33": {
          "predicates": {
            "minecraft:custom_data": "{uhcp_lockedslot:true}"
          }
        },
        "container.34": {
          "predicates": {
            "minecraft:custom_data": "{uhcp_lockedslot:true}"
          }
        },
        "container.35": {
          "predicates": {
            "minecraft:custom_data": "{uhcp_lockedslot:true}"
          }
        }
      }
    }
  }
}