{
  "pools": [
    {
      "rolls": 1,
      "entries": [
        {
          "type": "minecraft:item",
          "name": "minecraft:shield",
          "weight": 1,
          "functions": [
            {
              "function": "minecraft:set_count",
              "count": 1
            },
            {
              "function": "minecraft:set_custom_data",
              "tag": "{uhcp_augSelect:1b,augment:17s}"
            },
            {
              "function": "minecraft:set_name",
              "target": "item_name",
              "name": [
                {
                  "text": "Less than 3",
                  "color": "gold",
                  "bold": true
                }
              ]
            },
            {
              "function": "minecraft:set_lore",
              "lore": [
                {
                  "text": "------------------------",
                  "color": "blue"
                },
                [
                  {
                    "text": "Start with an extra",
                    "color": "gray"
                  },
                  {
                    "text": " 2 filled 🖤",
                    "color": "red"
                  },
                  {
                    "text": ",",
                    "color": "gray"
                  }
                ],
                [
                  {
                    "text": "2 empty 🖤",
                    "color": "red"
                  },
                  {
                    "text": ", ",
                    "color": "gray"
                  },
                  {
                    "text": "2🖤",
                    "color": "yellow"
                  },
                  {
                    "text": ", and ",
                    "color": "gray"
                  },
                  {
                    "text": "2 Golden Apples.",
                    "color": "white"
                  }
                ]
              ],
              "mode": "replace_all"
            }
          ],
          "conditions": [
            {
              "condition": "minecraft:any_of",
              "terms": [
                {
                  "condition": "minecraft:entity_scores",
                  "entity": "this",
                  "scores": {
                    "uhcp_aug_choosing": 0,
                    "uhcp_aug_patron": 0
                  }
                },
                {
                  "condition": "minecraft:all_of",
                  "terms": [
                    {
                      "condition": "minecraft:inverted",
                      "term": {
                        "condition": "minecraft:entity_scores",
                        "entity": "this",
                        "scores": {
                          "uhcp_aug_patron": 0
                        }
                      }
                    },
                    {
                      "condition": "minecraft:entity_scores",
                      "entity": "this",
                      "scores": {
                        "uhcp_aug_choosing": 1
                      }
                    }
                  ]
                }
              ]
            },
            {
              "condition": "minecraft:inverted",
              "term": {
                "condition": "minecraft:entity_properties",
                "entity": "this",
                "predicate": {
                  "slots": {
                    "container.*": {
                      "predicates": {
                        "minecraft:custom_data": "{augment:17s}"
                      }
                    }
                  }
                }
              }
            }
          ]
        },
        {
          "type": "minecraft:item",
          "name": "minecraft:piglin_head",
          "weight": 1,
          "functions": [
            {
              "function": "minecraft:toggle_tooltips",
              "toggles": {
                "minecraft:attribute_modifiers": false
              }
            },
            {
              "function": "minecraft:set_components",
              "components": {
                "!minecraft:equippable": {}
              }
            },
            {
              "function": "minecraft:set_count",
              "count": 1
            },
            {
              "function": "minecraft:set_custom_data",
              "tag": "{uhcp_augSelect:1b,augment:19s}"
            },
            {
              "function": "minecraft:set_name",
              "target": "item_name",
              "name": [
                {
                  "text": "Lucky Hunt",
                  "color": "gold",
                  "bold": true
                }
              ]
            },
            {
              "function": "minecraft:set_lore",
              "lore": [
                {
                  "text": "------------------------",
                  "color": "blue",
                  "bold": true
                },
                [
                  {
                    "text": "Gain a",
                    "color": "gray"
                  },
                  {
                    "text": " Looting III / Sharpness I",
                    "color": "dark_purple"
                  }
                ],
                [
                  {
                    "text": "Diamond Sword",
                    "color": "white"
                  },
                  {
                    "text": ".",
                    "color": "gray"
                  }
                ]
              ],
              "mode": "replace_all"
            }
          ],
          "conditions": [
            {
              "condition": "minecraft:any_of",
              "terms": [
                {
                  "condition": "minecraft:entity_scores",
                  "entity": "this",
                  "scores": {
                    "uhcp_aug_choosing": 0,
                    "uhcp_aug_patron": 2
                  }
                },
                {
                  "condition": "minecraft:all_of",
                  "terms": [
                    {
                      "condition": "minecraft:inverted",
                      "term": {
                        "condition": "minecraft:entity_scores",
                        "entity": "this",
                        "scores": {
                          "uhcp_aug_patron": 2
                        }
                      }
                    },
                    {
                      "condition": "minecraft:entity_scores",
                      "entity": "this",
                      "scores": {
                        "uhcp_aug_choosing": 1
                      }
                    }
                  ]
                }
              ]
            },
            {
              "condition": "minecraft:inverted",
              "term": {
                "condition": "minecraft:entity_properties",
                "entity": "this",
                "predicate": {
                  "slots": {
                    "container.*": {
                      "predicates": {
                        "minecraft:custom_data": "{augment:19s}"
                      }
                    }
                  }
                }
              }
            }
          ]
        },
        {
          "type": "minecraft:item",
          "name": "minecraft:feather",
          "weight": 1,
          "functions": [
            {
              "function": "minecraft:set_count",
              "count": 1
            },
            {
              "function": "minecraft:set_custom_data",
              "tag": "{uhcp_augSelect:1b,augment:30s}"
            },
            {
              "function": "minecraft:set_name",
              "target": "item_name",
              "name": [
                {
                  "text": "Unburdened",
                  "color": "gold",
                  "bold": true
                }
              ]
            },
            {
              "function": "minecraft:set_lore",
              "lore": [
                {
                  "text": "------------------------",
                  "color": "blue"
                },
                [
                  {
                    "text": "Gain ",
                    "color": "gray"
                  },
                  {
                    "text": "Speed II",
                    "color": "yellow"
                  },
                  {
                    "text": " whenever you are",
                    "color": "gray"
                  }
                ],
                {
                  "text": "not wearing any boots.",
                  "color": "gray"
                }
              ],
              "mode": "replace_all"
            }
          ],
          "conditions": [
            {
              "condition": "minecraft:any_of",
              "terms": [
                {
                  "condition": "minecraft:entity_scores",
                  "entity": "this",
                  "scores": {
                    "uhcp_aug_choosing": 0,
                    "uhcp_aug_patron": 6
                  }
                },
                {
                  "condition": "minecraft:all_of",
                  "terms": [
                    {
                      "condition": "minecraft:inverted",
                      "term": {
                        "condition": "minecraft:entity_scores",
                        "entity": "this",
                        "scores": {
                          "uhcp_aug_patron": 6
                        }
                      }
                    },
                    {
                      "condition": "minecraft:entity_scores",
                      "entity": "this",
                      "scores": {
                        "uhcp_aug_choosing": 1
                      }
                    }
                  ]
                }
              ]
            },
            {
              "condition": "minecraft:inverted",
              "term": {
                "condition": "minecraft:entity_properties",
                "entity": "this",
                "predicate": {
                  "slots": {
                    "container.*": {
                      "predicates": {
                        "minecraft:custom_data": "{augment:30s}"
                      }
                    }
                  }
                }
              }
            }
          ]
        },
        {
          "type": "minecraft:item",
          "name": "minecraft:diamond_pickaxe",
          "weight": 1,
          "functions": [
            {
              "function": "minecraft:toggle_tooltips",
              "toggles": {
                "minecraft:attribute_modifiers": false,
                "minecraft:unbreakable": false
              }
            },
            {
              "function": "minecraft:set_count",
              "count": 1
            },
            {
              "function": "minecraft:set_components",
              "components": {
                "minecraft:unbreakable": {}
              }
            },
            {
              "function": "minecraft:set_custom_data",
              "tag": "{uhcp_augSelect:1b,augment:13s}"
            },
            {
              "function": "minecraft:set_name",
              "target": "item_name",
              "name": [
                {
                  "text": "Into the Mines II",
                  "color": "gold",
                  "bold": true
                }
              ]
            },
            {
              "function": "minecraft:set_lore",
              "lore": [
                {
                  "text": "------------------------",
                  "color": "blue",
                  "bold": true
                },
                [
                  {
                    "text": "Gain a",
                    "color": "gray"
                  },
                  {
                    "text": " Diamond Pickaxe",
                    "color": "white"
                  },
                  {
                    "text": ".",
                    "color": "gray"
                  }
                ]
              ],
              "mode": "replace_all"
            }
          ],
          "conditions": [
            {
              "condition": "minecraft:any_of",
              "terms": [
                {
                  "condition": "minecraft:entity_scores",
                  "entity": "this",
                  "scores": {
                    "uhcp_aug_choosing": 0,
                    "uhcp_aug_patron": 5
                  }
                },
                {
                  "condition": "minecraft:all_of",
                  "terms": [
                    {
                      "condition": "minecraft:inverted",
                      "term": {
                        "condition": "minecraft:entity_scores",
                        "entity": "this",
                        "scores": {
                          "uhcp_aug_patron": 5
                        }
                      }
                    },
                    {
                      "condition": "minecraft:entity_scores",
                      "entity": "this",
                      "scores": {
                        "uhcp_aug_choosing": 1
                      }
                    }
                  ]
                }
              ]
            },
            {
              "condition": "minecraft:inverted",
              "term": {
                "condition": "minecraft:entity_properties",
                "entity": "this",
                "predicate": {
                  "slots": {
                    "container.*": {
                      "predicates": {
                        "minecraft:custom_data": "{augment:13s}"
                      }
                    }
                  }
                }
              }
            }
          ]
        },
        {
          "type": "minecraft:item",
          "name": "minecraft:golden_apple",
          "weight": 1,
          "functions": [
            {
              "function": "minecraft:set_count",
              "count": 1
            },
            {
              "function": "minecraft:set_components",
              "components": {
                "!minecraft:consumable": {},
                "!minecraft:food": {}
              }
            },
            {
              "function": "minecraft:set_custom_data",
              "tag": "{uhcp_augSelect:1b,augment:9s}"
            },
            {
              "function": "minecraft:set_name",
              "target": "item_name",
              "name": [
                {
                  "text": "Gapple Gap II",
                  "color": "gold",
                  "bold": true
                }
              ]
            },
            {
              "function": "minecraft:set_lore",
              "lore": [
                {
                  "text": "------------------------",
                  "color": "blue",
                  "bold": true
                },
                [
                  {
                    "text": "Gain 5",
                    "color": "gray"
                  },
                  {
                    "text": " Golden Apples",
                    "color": "white"
                  },
                  {
                    "text": ".",
                    "color": "gray"
                  }
                ]
              ],
              "mode": "replace_all"
            }
          ],
          "conditions": [
            {
              "condition": "minecraft:any_of",
              "terms": [
                {
                  "condition": "minecraft:entity_scores",
                  "entity": "this",
                  "scores": {
                    "uhcp_aug_choosing": 0,
                    "uhcp_aug_patron": 4
                  }
                },
                {
                  "condition": "minecraft:all_of",
                  "terms": [
                    {
                      "condition": "minecraft:inverted",
                      "term": {
                        "condition": "minecraft:entity_scores",
                        "entity": "this",
                        "scores": {
                          "uhcp_aug_patron": 4
                        }
                      }
                    },
                    {
                      "condition": "minecraft:entity_scores",
                      "entity": "this",
                      "scores": {
                        "uhcp_aug_choosing": 1
                      }
                    }
                  ]
                }
              ]
            },
            {
              "condition": "minecraft:inverted",
              "term": {
                "condition": "minecraft:entity_properties",
                "entity": "this",
                "predicate": {
                  "slots": {
                    "container.*": {
                      "predicates": {
                        "minecraft:custom_data": "{augment:9s}"
                      }
                    }
                  }
                }
              }
            }
          ]
        },
        {
          "type": "minecraft:item",
          "name": "minecraft:bamboo_trapdoor",
          "weight": 1,
          "functions": [
            {
              "function": "minecraft:set_count",
              "count": 1
            },
            {
              "function": "minecraft:set_custom_data",
              "tag": "{uhcp_augSelect:1b,augment:32s}"
            },
            {
              "function": "minecraft:set_name",
              "target": "item_name",
              "name": [
                {
                  "text": "Trap Master",
                  "color": "gold",
                  "bold": true
                }
              ]
            },
            {
              "function": "minecraft:set_lore",
              "lore": [
                {
                  "text": "------------------------",
                  "color": "blue",
                  "bold": true
                },
                [
                  {
                    "text": "Gain ",
                    "color": "gray"
                  },
                  {
                    "text": "some trapping materials,",
                    "color": "white"
                  }
                ],
                {
                  "text": "an Iron Shovel, and an Iron",
                  "color": "white"
                },
                [
                  {
                    "text": "Pickaxe",
                    "color": "white"
                  },
                  {
                    "text": " with",
                    "color": "gray"
                  },
                  {
                    "text": " Unbreaking III / Efficiency I",
                    "color": "dark_purple"
                  },
                  {
                    "text": ".",
                    "color": "gray"
                  }
                ],
                [
                  {
                    "text": "You cannot be seen by ",
                    "color": "gray"
                  },
                  {
                    "text": "All-Seeing Eyes",
                    "color": "light_purple"
                  },
                  {
                    "text": ".",
                    "color": "gray"
                  }
                ]
              ],
              "mode": "replace_all"
            }
          ],
          "conditions": [
            {
              "condition": "minecraft:any_of",
              "terms": [
                {
                  "condition": "minecraft:entity_scores",
                  "entity": "this",
                  "scores": {
                    "uhcp_aug_choosing": 0,
                    "uhcp_aug_patron": 7
                  }
                },
                {
                  "condition": "minecraft:all_of",
                  "terms": [
                    {
                      "condition": "minecraft:inverted",
                      "term": {
                        "condition": "minecraft:entity_scores",
                        "entity": "this",
                        "scores": {
                          "uhcp_aug_patron": 7
                        }
                      }
                    },
                    {
                      "condition": "minecraft:entity_scores",
                      "entity": "this",
                      "scores": {
                        "uhcp_aug_choosing": 1
                      }
                    }
                  ]
                }
              ]
            },
            {
              "condition": "minecraft:inverted",
              "term": {
                "condition": "minecraft:entity_properties",
                "entity": "this",
                "predicate": {
                  "slots": {
                    "container.*": {
                      "predicates": {
                        "minecraft:custom_data": "{augment:32s}"
                      }
                    }
                  }
                }
              }
            }
          ]
        },
        {
          "type": "minecraft:item",
          "name": "minecraft:potion",
          "weight": 1,
          "functions": [
            {
              "function": "minecraft:set_count",
              "count": 1
            },
            {
              "function": "minecraft:set_custom_data",
              "tag": "{uhcp_augSelect:1b,augment:34s}"
            },
            {
              "function": "minecraft:set_name",
              "target": "custom_name",
              "name": [
                {
                  "text": "Bottled Knowledge",
                  "color": "gold",
                  "bold": true,
                  "italic": false
                }
              ]
            },
            {
              "function": "minecraft:set_components",
              "components": {
                "!minecraft:consumable": {},
                "minecraft:potion_contents": {
                  "custom_color": 13959090
                }
              }
            },
            {
              "function": "minecraft:toggle_tooltips",
              "toggles": {
                "minecraft:potion_contents": false
              }
            },
            {
              "function": "minecraft:set_lore",
              "lore": [
                {
                  "text": "------------------------",
                  "color": "blue",
                  "bold": true
                },
                [
                  {
                    "text": "Gain 35",
                    "color": "gray"
                  },
                  {
                    "text": " Bottles o' Enchanting",
                    "color": "white"
                  },
                  {
                    "text": ".",
                    "color": "gray"
                  }
                ]
              ],
              "mode": "replace_all"
            }
          ],
          "conditions": [
            {
              "condition": "minecraft:any_of",
              "terms": [
                {
                  "condition": "minecraft:entity_scores",
                  "entity": "this",
                  "scores": {
                    "uhcp_aug_choosing": 0,
                    "uhcp_aug_patron": 3
                  }
                },
                {
                  "condition": "minecraft:all_of",
                  "terms": [
                    {
                      "condition": "minecraft:inverted",
                      "term": {
                        "condition": "minecraft:entity_scores",
                        "entity": "this",
                        "scores": {
                          "uhcp_aug_patron": 3
                        }
                      }
                    },
                    {
                      "condition": "minecraft:entity_scores",
                      "entity": "this",
                      "scores": {
                        "uhcp_aug_choosing": 1
                      }
                    }
                  ]
                }
              ]
            },
            {
              "condition": "minecraft:inverted",
              "term": {
                "condition": "minecraft:entity_properties",
                "entity": "this",
                "predicate": {
                  "slots": {
                    "container.*": {
                      "predicates": {
                        "minecraft:custom_data": "{augment:34s}"
                      }
                    }
                  }
                }
              }
            }
          ]
        },
        {
          "type": "minecraft:item",
          "name": "minecraft:arrow",
          "weight": 1,
          "functions": [
            {
              "function": "minecraft:set_name",
              "target": "item_name",
              "name": [
                {
                  "text": "Take Aim II",
                  "color": "gold",
                  "bold": true
                }
              ]
            },
            {
              "function": "minecraft:set_custom_data",
              "tag": "{uhcp_augSelect:1b,augment:5s}"
            },
            {
              "function": "minecraft:set_lore",
              "entity": "this",
              "lore": [
                {
                  "text": "------------------------",
                  "color": "blue"
                },
                [
                  {
                    "text": "Gain a",
                    "color": "gray"
                  },
                  {
                    "text": " Power I",
                    "color": "dark_purple"
                  },
                  {
                    "text": " Bow and 16 arrows",
                    "color": "white"
                  },
                  {
                    "text": ". Your",
                    "color": "gray"
                  }
                ],
                {
                  "text": "Arrow limit is increased by 20.",
                  "color": "gray"
                }
              ],
              "mode": "replace_all"
            }
          ],
          "conditions": [
            {
              "condition": "minecraft:any_of",
              "terms": [
                {
                  "condition": "minecraft:entity_scores",
                  "entity": "this",
                  "scores": {
                    "uhcp_aug_choosing": 0,
                    "uhcp_aug_patron": 1
                  }
                },
                {
                  "condition": "minecraft:all_of",
                  "terms": [
                    {
                      "condition": "minecraft:inverted",
                      "term": {
                        "condition": "minecraft:entity_scores",
                        "entity": "this",
                        "scores": {
                          "uhcp_aug_patron": 1
                        }
                      }
                    },
                    {
                      "condition": "minecraft:entity_scores",
                      "entity": "this",
                      "scores": {
                        "uhcp_aug_choosing": 1
                      }
                    }
                  ]
                }
              ]
            },
            {
              "condition": "minecraft:inverted",
              "term": {
                "condition": "minecraft:entity_properties",
                "entity": "this",
                "predicate": {
                  "slots": {
                    "container.*": {
                      "predicates": {
                        "minecraft:custom_data": "{augment:5s}"
                      }
                    }
                  }
                }
              }
            }
          ]
        },
        {
          "type": "minecraft:item",
          "name": "minecraft:fishing_rod",
          "weight": 1,
          "functions": [
            {
              "function": "minecraft:set_count",
              "count": 1
            },
            {
              "function": "minecraft:set_components",
              "components": {
                "minecraft:unbreakable": {}
              }
            },
            {
              "function": "minecraft:toggle_tooltips",
              "toggles": {
                "minecraft:attribute_modifiers": false,
                "minecraft:unbreakable": false
              }
            },
            {
              "function": "minecraft:set_custom_data",
              "tag": "{uhcp_augSelect:1b,augment:45s,uhcp_cat_lady:0b}"
            },
            {
              "function": "minecraft:set_name",
              "target": "item_name",
              "name": [
                {
                  "text": "You have My Rod II",
                  "color": "gold",
                  "bold": true
                }
              ]
            },
            {
              "function": "minecraft:set_lore",
              "lore": [
                {
                  "text": "------------------------",
                  "color": "blue"
                },
                [
                  {
                    "text": "Gain a ",
                    "color": "gray"
                  },
                  {
                    "text": "Fishing Rod",
                    "color": "white"
                  },
                  {
                    "text": " with",
                    "color": "gray"
                  }
                ],
                [
                  {
                    "text": "Luck of the Sea VI / Lure V",
                    "color": "dark_purple"
                  },
                  {
                    "text": ".",
                    "color": "gray"
                  }
                ]
              ],
              "mode": "replace_all"
            }
          ],
          "conditions": [
            {
              "condition": "minecraft:any_of",
              "terms": [
                {
                  "condition": "minecraft:entity_scores",
                  "entity": "this",
                  "scores": {
                    "uhcp_aug_choosing": 0,
                    "uhcp_aug_patron": 9
                  }
                },
                {
                  "condition": "minecraft:all_of",
                  "terms": [
                    {
                      "condition": "minecraft:inverted",
                      "term": {
                        "condition": "minecraft:entity_scores",
                        "entity": "this",
                        "scores": {
                          "uhcp_aug_patron": 9
                        }
                      }
                    },
                    {
                      "condition": "minecraft:entity_scores",
                      "entity": "this",
                      "scores": {
                        "uhcp_aug_choosing": 1
                      }
                    }
                  ]
                }
              ]
            },
            {
              "condition": "minecraft:inverted",
              "term": {
                "condition": "minecraft:entity_properties",
                "entity": "this",
                "predicate": {
                  "slots": {
                    "container.*": {
                      "predicates": {
                        "minecraft:custom_data": "{augment:45s}"
                      }
                    }
                  }
                }
              }
            }
          ]
        }
      ]
    }
  ]
}