{
  "criteria": {
    "requirement": {
      "trigger": "minecraft:effects_changed",
      "conditions": {
        "player": [
          {
            "condition": "minecraft:all_of",
            "terms": [
              {
                "condition": "minecraft:inverted",
                "term": {
                  "condition": "minecraft:entity_properties",
                  "entity": "this",
                  "predicate": {
                    "effects": {
                      "minecraft:blindness": {
                        "amplifier": 1
                      }
                    }
                  }
                }
              },
              {
                "condition": "minecraft:entity_scores",
                "entity": "this",
                "scores": {
                  "uhcp_groovy": 1
                }
              }
            ]
          }
        ]
      }
    }
  },
  "rewards": {
    "function": "uhcp:consumables/groovy_disc/stop_music"
  }
}