{
  "pools": [
    {
      "rolls": 1,
      "entries": [
        {
          "type": "minecraft:item",
          "weight": 1,
          "name": "minecraft:nether_star",
          "functions": [
            {
              "function": "minecraft:set_count",
              "count": 1
            },
            {
              "function": "minecraft:set_name",
              "target": "item_name",
              "name": {
                "text": "Soul Shard",
                "color": "light_purple",
                "bold": false,
                "italic": false
              }
            },
            {
              "function": "minecraft:set_custom_data",
              "tag": "{ssiege_soulshard:true}"
            },
            {
              "function": "minecraft:set_lore",
              "mode": "replace_all",
              "lore": [
                [
                  {"color":"gray","text":"Spend at the "},
                  {"color":"dark_purple","text":"Runesmith "},
                  {"color":"gray","text":"for"}
                ],
                [
                  {"color":"dark_purple","text":"Runes"},
                  {"color":"gray","text":" and consumables."}
                ]
              ]
            }
          ]
        }
      ]
    }
  ]
}