{
  "type": "minecraft:generic",
  "pools": [
    {
      "rolls": 2,
      "entries": [
        {
          "type": "minecraft:loot_table",
          "value": "uhcp:consumables/duplicator",
          "weight": 10
        },
        {
          "type": "minecraft:loot_table",
          "value": "uhcp:titans/loot/netherite",
          "weight": 34
        },
        {
          "type": "minecraft:loot_table",
          "value": "uhcp:consumables/all-seeing_eye",
          "weight": 34,
          "functions": [
            {
              "function": "minecraft:set_count",
              "count": 6
            }
          ]
        },
        {
          "type": "minecraft:loot_table",
          "value": "uhcp:titans/loot/lava_web_duplicator",
          "weight": 34
        },
        {
          "type": "minecraft:loot_table",
          "value": "uhcp:consumables/wild_feather",
          "weight": 34,
          "functions": [
            {
              "function": "minecraft:set_count",
              "count": 2
            }
          ]
        },
        {
          "type": "minecraft:loot_table",
          "value": "uhcp:consumables/relic_invoker",
          "weight": 4
        },
        {
          "type": "minecraft:item",
          "name": "minecraft:enchanted_book",
          "weight": 15,
          "functions": [
            {
              "function": "minecraft:set_components",
              "components": {
                "minecraft:stored_enchantments": {
                  "minecraft:protection": 1
                }
              }
            }
          ]
        },
        {
          "type": "minecraft:item",
          "name": "minecraft:enchanted_book",
          "weight": 15,
          "functions": [
            {
              "function": "minecraft:set_components",
              "components": {
                "minecraft:stored_enchantments": {
                  "minecraft:sharpness": 1
                }
              }
            }
          ]
        },
        {
          "type": "minecraft:alternatives",
          "children": [
            {
              "type": "minecraft:group",
              "children": [
                {
                  "type": "minecraft:item",
                  "name": "minecraft:enchanted_book",
                  "weight": 10,
                  "functions": [
                    {
                      "function": "minecraft:set_components",
                      "components": {
                        "minecraft:stored_enchantments": {
                          "minecraft:thorns": 2
                        }
                      }
                    }
                  ]
                },
                {
                  "type": "minecraft:item",
                  "name": "minecraft:enchanted_book",
                  "weight": 10,
                  "functions": [
                    {
                      "function": "minecraft:set_components",
                      "components": {
                        "minecraft:stored_enchantments": {
                          "minecraft:fortune": 2
                        }
                      }
                    }
                  ]
                }
              ],
              "conditions": [
                {
                  "condition": "minecraft:value_check",
                  "value": {
                    "type": "minecraft:score",
                    "target": {
                      "type": "minecraft:fixed",
                      "name": "%enchant_reduce"
                    },
                    "score": "uhcp_settings"
                  },
                  "range": 1
                }
              ]
            },
            {
              "type": "minecraft:group",
              "children": [
                {
                  "type": "minecraft:item",
                  "name": "minecraft:enchanted_book",
                  "weight": 10,
                  "functions": [
                    {
                      "function": "minecraft:set_components",
                      "components": {
                        "minecraft:stored_enchantments": {
                          "minecraft:protection": 2
                        }
                      }
                    }
                  ]
                },
                {
                  "type": "minecraft:item",
                  "name": "minecraft:enchanted_book",
                  "weight": 10,
                  "functions": [
                    {
                      "function": "minecraft:set_components",
                      "components": {
                        "minecraft:stored_enchantments": {
                          "minecraft:sharpness": 2
                        }
                      }
                    }
                  ]
                }
              ]
            }
          ]
        }
      ]
    },
    {
      "rolls": 2,
      "entries": [
        {
          "type": "minecraft:item",
          "name": "minecraft:golden_apple",
          "weight": 1,
          "functions": [
            {
              "function": "minecraft:set_count",
              "count": 2
            }
          ]
        },
        {
          "type": "minecraft:item",
          "name": "minecraft:golden_apple",
          "weight": 1,
          "functions": [
            {
              "function": "minecraft:set_count",
              "count": 3
            }
          ]
        },
        {
          "type": "minecraft:item",
          "name": "minecraft:golden_apple",
          "weight": 1,
          "functions": [
            {
              "function": "minecraft:set_count",
              "count": 4
            }
          ]
        }
      ]
    },
    {
      "rolls": 2,
      "entries": [
        {
          "type": "minecraft:item",
          "name": "minecraft:experience_bottle",
          "functions": [
            {
              "function": "minecraft:set_count",
              "count": {
                "min": 12,
                "max": 16
              }
            }
          ]
        }
      ]
    }
  ]
}