{
  "type": "minecraft:chest",
  "pools": [
    {
      "rolls": 1,
      "bonus_rolls": 0,
      "entries": [
        {
          "type": "minecraft:loot_table",
          "value": "uhcp:relics/runic_sentry",
          "weight": 1
        }
      ],
      "conditions": [
        {
          "condition": "minecraft:value_check",
          "value": {
            "type": "minecraft:score",
            "target": {
              "type": "minecraft:fixed",
              "name": "%uhcp_loot"
            },
            "score": "uhcp_settings"
          },
          "range": 1
        }
      ]
    },
    {
      "rolls": {
        "type": "minecraft:uniform",
        "min": 5,
        "max": 10
      },
      "bonus_rolls": 0,
      "entries": [
        {
          "type": "minecraft:item",
          "name": "minecraft:iron_ingot",
          "functions": [
            {
              "function": "minecraft:set_count",
              "count": {
                "min": 9,
                "max": 26
              }
            }
          ]
        },
        {
          "type": "minecraft:loot_table",
          "value": "uhcp:player_compass",
          "weight": 2,
          "functions": [
            {
              "function": "minecraft:set_count",
              "count": 1,
              "add": false
            }
          ],
          "conditions": [
            {
              "condition": "minecraft:value_check",
              "value": {
                "type": "minecraft:score",
                "target": {
                  "type": "minecraft:fixed",
                  "name": "%uhcp_loot"
                },
                "score": "uhcp_settings"
              },
              "range": 1
            }
          ]
        },
        {
          "type": "minecraft:item",
          "name": "minecraft:redstone",
          "weight": 2,
          "functions": [
            {
              "function": "minecraft:set_count",
              "count": {
                "min": 5,
                "max": 37
              },
              "add": false
            }
          ]
        },
        {
          "type": "minecraft:item",
          "name": "minecraft:tnt",
          "weight": 2,
          "functions": [
            {
              "function": "minecraft:set_count",
              "count": {
                "min": 2,
                "max": 6
              }
            }
          ]
        },
        {
          "type": "minecraft:item",
          "name": "minecraft:iron_block",
          "weight": 2,
          "functions": [
            {
              "function": "minecraft:set_count",
              "count": {
                "min": 1,
                "max": 2
              }
            }
          ]
        },
        {
          "type": "minecraft:item",
          "name": "minecraft:diamond",
          "weight": 2,
          "functions": [
            {
              "function": "minecraft:set_count",
              "count": {
                "min": 1,
                "max": 5
              }
            }
          ]
        },
        {
          "type": "minecraft:item",
          "name": "minecraft:repeater",
          "weight": 3,
          "functions": [
            {
              "function": "minecraft:set_count",
              "count": {
                "type": "minecraft:uniform",
                "min": 4,
                "max": 10
              },
              "add": false
            }
          ]
        },
        {
          "type": "minecraft:item",
          "name": "minecraft:gold_nugget",
          "weight": 3,
          "functions": [
            {
              "function": "minecraft:set_count",
              "count": {
                "type": "minecraft:uniform",
                "min": 1,
                "max": 7
              },
              "add": false
            }
          ]
        },
        {
          "type": "minecraft:item",
          "name": "minecraft:redstone_torch",
          "weight": 3,
          "functions": [
            {
              "function": "minecraft:set_count",
              "count": {
                "type": "minecraft:uniform",
                "min": 1,
                "max": 4
              },
              "add": false
            }
          ]
        },
        {
          "type": "minecraft:item",
          "name": "minecraft:gunpowder",
          "weight": 3,
          "functions": [
            {
              "function": "minecraft:set_count",
              "count": {
                "type": "minecraft:uniform",
                "min": 1,
                "max": 15
              },
              "add": false
            }
          ]
        },
        {
          "type": "minecraft:item",
          "name": "minecraft:gold_block",
          "weight": 3,
          "functions": [
            {
              "function": "minecraft:set_count",
              "count": {
                "type": "minecraft:uniform",
                "min": 1,
                "max": 2
              },
              "add": false
            }
          ]
        },
        {
          "type": "minecraft:item",
          "name": "minecraft:redstone_block",
          "weight": 3,
          "functions": [
            {
              "function": "minecraft:set_count",
              "count": {
                "type": "minecraft:uniform",
                "min": 1,
                "max": 4
              },
              "add": false
            }
          ]
        },
        {
          "type": "minecraft:item",
          "name": "minecraft:brewing_stand",
          "weight": 3,
          "functions": [
            {
              "function": "minecraft:set_count",
              "count": 1,
              "add": false
            }
          ]
        },
        {
          "type": "minecraft:item",
          "name": "minecraft:potion",
          "weight": 8,
          "functions": [
            {
              "function": "minecraft:set_count",
              "count": 1,
              "add": false
            },
            {
              "function": "minecraft:set_potion",
              "id": "minecraft:healing"
            }
          ]
        },
        {
          "type": "minecraft:item",
          "name": "minecraft:book",
          "weight": 1,
          "functions": [
            {
              "function": "minecraft:enchant_randomly",
              "options": "#minecraft:on_random_loot"
            }
          ]
        },
        {
          "type": "minecraft:item",
          "name": "minecraft:book",
          "weight": 5,
          "functions": [
            {
              "function": "minecraft:set_count",
              "count": {
                "type": "minecraft:uniform",
                "min": 3,
                "max": 10
              },
              "add": false
            }
          ]
        }
      ]
    }
  ],
  "random_sequence": "uhcp:structures/abandoned_lab"
}