{
  "criteria": {
    "requirement": {
      "trigger": "minecraft:default_block_use",
      "conditions": {
        "player": [
          {
            "condition": "minecraft:inverted",
            "term": {
              "condition": "minecraft:any_of",
              "terms": [
                {
                  "condition": "minecraft:value_check",
                  "value": {
                    "type": "minecraft:score",
                    "target": {
                      "type": "minecraft:fixed",
                      "name": "%game"
                    },
                    "score": "uhcp_initStatus"
                  },
                  "range": 1
                },
                {
                  "condition": "minecraft:value_check",
                  "value": {
                    "type": "minecraft:score",
                    "target": {
                      "type": "minecraft:fixed",
                      "name": "%lobby_item_7"
                    },
                    "score": "uhcp_initStatus"
                  },
                  "range": 1
                }
              ]
            }
          }
        ],
        "location": [
          {
            "condition": "minecraft:location_check",
            "predicate": {
              "block": {
                "blocks": "minecraft:polished_blackstone_button",
                "state": {
                  "face": "floor"
                }
              }
            }
          }
        ]
      }
    }
  },
  "rewards": {
    "function": "uhcp:lobby/item/player_head"
  }
}