{
  "condition": "minecraft:entity_properties",
  "entity": "this",
  "predicate": {
    "slots": {
      "contents": {
        "items": "minecraft:player_head",
        "components": {
          "minecraft:profile": {
            "name": "",
            "id": [
              796969690,
              -696969690,
              -696969690,
              696969690
            ],
            "properties": [
              {
                "name": "textures",
                "value": "eyJ0ZXh0dXJlcyI6eyJTS0lOIjp7InVybCI6Imh0dHA6Ly90ZXh0dXJlcy5taW5lY3JhZnQubmV0L3RleHR1cmUvNDIxY2FiNDA5NWU3MWJkOTI1Y2Y0NjQ5OTBlMThlNDNhZGI3MjVkYjdjYzE3NWZkOWQxZGVjODIwOTE0YjNkZSJ9fX0="
              }
            ]
          }
        }
      }
    }
  }
}