{
  "condition": "minecraft:any_of",
  "terms": [
    {
      "condition": "minecraft:entity_properties",
      "entity": "this",
      "predicate": {
        "slots": {
          "container.*": {
            "items": "#uhcp:non_tipped_arrows"
          }
        }
      }
    },
    {
      "condition": "minecraft:entity_properties",
      "entity": "this",
      "predicate": {
        "slots": {
          "weapon.offhand": {
            "items": "#uhcp:non_tipped_arrows"
          }
        }
      }
    }
  ]
}