{
  "criteria": {
    "requirement": {
      "trigger": "minecraft:consume_item",
      "conditions": {
        "player": [
          {
            "condition": "minecraft:entity_scores",
            "entity": "this",
            "scores": {
              "uhcp_augment": {
                "min": 0
              }
            }
          }
        ],
        "item": {
          "items": "minecraft:milk_bucket"
        }
      }
    }
  },
  "rewards": {
    "function": "uhcp:milk_bucket/consume"
  }
}