{
  "criteria": {
    "requirement": {
      "trigger": "minecraft:using_item",
      "conditions": {
        "player": [
          {
            "condition": "minecraft:inverted",
            "term": {
              "condition": "minecraft:entity_scores",
              "entity": "this",
              "scores": {
                "uhcp_itemCount": {
                  "min": 1
                }
              }
            }
          }
        ],
        "item": {
          "predicates": {
            "minecraft:custom_data": {
              "uhcp_rightclick": true
            }
          }
        }
      }
    }
  },
  "rewards": {
    "function": "uhcp:entity/items/used_edible_item"
  }
}