{
  "criteria": {
    "requirement": {
      "trigger": "minecraft:tick",
      "conditions": {
        "player": [
          {
            "condition": "minecraft:any_of",
            "terms": [
              {
                "condition": "minecraft:entity_properties",
                "entity": "this",
                "predicate": {
                  "nbt": "{Tags:[\"UHCP_DisableArmorAndOffhand\"]}",
                  "slots": {
                    "weapon.offhand": {
                      "count": {
                        "min": 1
                      }
                    }
                  }
                }
              },
              {
                "condition": "minecraft:entity_properties",
                "entity": "this",
                "predicate": {
                  "nbt": "{Tags:[\"UHCP_DisableArmorAndOffhand\"]}",
                  "slots": {
                    "armor.*": {
                      "count": {
                        "min": 1
                      }
                    }
                  }
                }
              }
              ]
          }
          ]
      }
    }
  },
  "rewards": {
    "function": "uhcp:entity/armor/remove_armor"
  }
}