{
  "type": "minecraft:entity",
  "pools": [
    {
      "bonus_rolls": 0.0,
      "entries": [
        {
          "type": "minecraft:alternatives",
          "children": [
            {
              "type": "minecraft:item",
              "functions": [
                {
                  "conditions": [
                    {
                      "condition": "minecraft:any_of",
                      "terms": [
                        {
                          "condition": "minecraft:entity_properties",
                          "entity": "this",
                          "predicate": {
                            "flags": {
                              "is_on_fire": true
                            }
                          }
                        },
                        {
                          "condition": "minecraft:entity_properties",
                          "entity": "direct_attacker",
                          "predicate": {
                            "equipment": {
                              "mainhand": {
                                "predicates": {
                                  "minecraft:enchantments": [
                                    {
                                      "enchantments": "#minecraft:smelts_loot"
                                    }
                                  ]
                                }
                              }
                            }
                          }
                        }
                      ]
                    }
                  ],
                  "function": "minecraft:furnace_smelt"
                }
              ],
              "conditions": [
                {
                  "condition": "minecraft:entity_scores",
                  "entity": "direct_attacker",
                  "scores": {
                    "uhcp_augment": 138
                  }
                }
              ],
              "name": "minecraft:cod"
            },
            {
              "type": "minecraft:item",
              "functions": [
                {
                  "conditions": [
                    {
                      "condition": "minecraft:any_of",
                      "terms": [
                        {
                          "condition": "minecraft:value_check",
                          "value": {
                            "type": "minecraft:score",
                            "target": {
                              "type": "minecraft:fixed",
                              "name": "%auto_cook"
                            },
                            "score": "uhcp_settings"
                          },
                          "range": 1
                        },
                        {
                          "condition": "minecraft:entity_properties",
                          "entity": "this",
                          "predicate": {
                            "flags": {
                              "is_on_fire": true
                            }
                          }
                        },
                        {
                          "condition": "minecraft:entity_properties",
                          "entity": "direct_attacker",
                          "predicate": {
                            "equipment": {
                              "mainhand": {
                                "predicates": {
                                  "minecraft:enchantments": [
                                    {
                                      "enchantments": "#minecraft:smelts_loot"
                                    }
                                  ]
                                }
                              }
                            }
                          }
                        }
                      ]
                    }
                  ],
                  "function": "minecraft:furnace_smelt"
                }
              ],
              "name": "minecraft:cod"
            }
          ]
        }
      ],
      "rolls": 1.0
    },
    {
      "bonus_rolls": 0.0,
      "conditions": [
        {
          "chance": 0.05,
          "condition": "minecraft:random_chance"
        }
      ],
      "entries": [
        {
          "type": "minecraft:item",
          "name": "minecraft:bone_meal"
        }
      ],
      "rolls": 1.0
    }
  ],
  "random_sequence": "minecraft:entities/cod"
}