{
  "type": "minecraft:entity",
  "pools": [
    {
      "bonus_rolls": 0.0,
      "entries": [
        {
          "type": "minecraft:item",
          "functions": [
            {
              "add": false,
              "count": {
                "type": "minecraft:uniform",
                "max": 2.0,
                "min": 0.0
              },
              "function": "minecraft:set_count"
            },
            {
              "count": {
                "type": "minecraft:uniform",
                "max": 1.0,
                "min": 0.0
              },
              "enchantment": "minecraft:looting",
              "function": "minecraft:enchanted_count_increase"
            }
          ],
          "name": "minecraft:prismarine_shard"
        }
      ],
      "rolls": 1.0
    },
    {
      "bonus_rolls": 0.0,
      "entries": [
        {
          "type": "minecraft:alternatives",
          "children": [
            {
              "type": "minecraft:item",
              "functions": [
                {
                  "count": {
                    "type": "minecraft:uniform",
                    "max": 1.0,
                    "min": 0.0
                  },
                  "enchantment": "minecraft:looting",
                  "function": "minecraft:enchanted_count_increase"
                },
                {
                  "conditions": [
                    {
                      "condition": "minecraft:any_of",
                      "terms": [
                        {
                          "condition": "minecraft:entity_properties",
                          "entity": "this",
                          "predicate": {
                            "flags": {
                              "is_on_fire": true
                            }
                          }
                        },
                        {
                          "condition": "minecraft:entity_properties",
                          "entity": "direct_attacker",
                          "predicate": {
                            "equipment": {
                              "mainhand": {
                                "predicates": {
                                  "minecraft:enchantments": [
                                    {
                                      "enchantments": "#minecraft:smelts_loot"
                                    }
                                  ]
                                }
                              }
                            }
                          }
                        }
                      ]
                    }
                  ],
                  "function": "minecraft:furnace_smelt"
                }
              ],
              "conditions": [
                {
                  "condition": "minecraft:entity_scores",
                  "entity": "direct_attacker",
                  "scores": {
                    "uhcp_augment": 138
                  }
                }
              ],
              "name": "minecraft:cod",
              "weight": 2
            },
            {
              "type": "minecraft:item",
              "functions": [
                {
                  "count": {
                    "type": "minecraft:uniform",
                    "max": 1.0,
                    "min": 0.0
                  },
                  "enchantment": "minecraft:looting",
                  "function": "minecraft:enchanted_count_increase"
                },
                {
                  "conditions": [
                    {
                      "condition": "minecraft:any_of",
                      "terms": [
                        {
                          "condition": "minecraft:value_check",
                          "value": {
                            "type": "minecraft:score",
                            "target": {
                              "type": "minecraft:fixed",
                              "name": "%auto_cook"
                            },
                            "score": "uhcp_settings"
                          },
                          "range": 1
                        },
                        {
                          "condition": "minecraft:entity_properties",
                          "entity": "this",
                          "predicate": {
                            "flags": {
                              "is_on_fire": true
                            }
                          }
                        },
                        {
                          "condition": "minecraft:entity_properties",
                          "entity": "direct_attacker",
                          "predicate": {
                            "equipment": {
                              "mainhand": {
                                "predicates": {
                                  "minecraft:enchantments": [
                                    {
                                      "enchantments": "#minecraft:smelts_loot"
                                    }
                                  ]
                                }
                              }
                            }
                          }
                        }
                      ]
                    }
                  ],
                  "function": "minecraft:furnace_smelt"
                }
              ],
              "name": "minecraft:cod",
              "weight": 2
            }
          ]
        },
        {
          "type": "minecraft:item",
          "functions": [
            {
              "count": {
                "type": "minecraft:uniform",
                "max": 1.0,
                "min": 0.0
              },
              "enchantment": "minecraft:looting",
              "function": "minecraft:enchanted_count_increase"
            }
          ],
          "name": "minecraft:prismarine_crystals",
          "weight": 2
        },
        {
          "type": "minecraft:empty"
        }
      ],
      "rolls": 1.0
    },
    {
      "bonus_rolls": 0.0,
      "conditions": [
        {
          "condition": "minecraft:killed_by_player"
        },
        {
          "condition": "minecraft:random_chance_with_enchanted_bonus",
          "enchanted_chance": {
            "type": "minecraft:linear",
            "base": 0.035,
            "per_level_above_first": 0.01
          },
          "enchantment": "minecraft:looting",
          "unenchanted_chance": 0.025
        }
      ],
      "entries": [
        {
          "type": "minecraft:alternatives",
          "children": [
            {
              "type": "minecraft:loot_table",
              "functions": [
                {
                  "conditions": [
                    {
                      "condition": "minecraft:any_of",
                      "terms": [
                        {
                          "condition": "minecraft:entity_properties",
                          "entity": "this",
                          "predicate": {
                            "flags": {
                              "is_on_fire": true
                            }
                          }
                        },
                        {
                          "condition": "minecraft:entity_properties",
                          "entity": "direct_attacker",
                          "predicate": {
                            "equipment": {
                              "mainhand": {
                                "predicates": {
                                  "minecraft:enchantments": [
                                    {
                                      "enchantments": "#minecraft:smelts_loot"
                                    }
                                  ]
                                }
                              }
                            }
                          }
                        }
                      ]
                    }
                  ],
                  "function": "minecraft:furnace_smelt"
                }
              ],
              "conditions": [
                {
                  "condition": "minecraft:entity_scores",
                  "entity": "direct_attacker",
                  "scores": {
                    "uhcp_augment": 138
                  }
                }
              ],
              "value": "minecraft:gameplay/fishing/fish_entity"
            },
            {
              "type": "minecraft:loot_table",
              "functions": [
                {
                  "conditions": [
                    {
                      "condition": "minecraft:any_of",
                      "terms": [
                        {
                          "condition": "minecraft:value_check",
                          "value": {
                            "type": "minecraft:score",
                            "target": {
                              "type": "minecraft:fixed",
                              "name": "%auto_cook"
                            },
                            "score": "uhcp_settings"
                          },
                          "range": 1
                        },
                        {
                          "condition": "minecraft:entity_properties",
                          "entity": "this",
                          "predicate": {
                            "flags": {
                              "is_on_fire": true
                            }
                          }
                        },
                        {
                          "condition": "minecraft:entity_properties",
                          "entity": "direct_attacker",
                          "predicate": {
                            "equipment": {
                              "mainhand": {
                                "predicates": {
                                  "minecraft:enchantments": [
                                    {
                                      "enchantments": "#minecraft:smelts_loot"
                                    }
                                  ]
                                }
                              }
                            }
                          }
                        }
                      ]
                    }
                  ],
                  "function": "minecraft:furnace_smelt"
                }
              ],
              "value": "minecraft:gameplay/fishing/fish_entity"
            }
          ]
        }
      ],
      "rolls": 1.0
    }
  ],
  "random_sequence": "minecraft:entities/guardian"
}