{
  "criteria": {
    "requirement": {
      "trigger": "minecraft:using_item",
      "conditions": {
        "player": [
          {
            "condition": "minecraft:inverted",
            "term": {
              "condition": "minecraft:entity_scores",
              "entity": "this",
              "scores": {
                "uhcp_itemCount": {
                  "min": 1
                }
              }
            }
          },
          {
            "condition": "minecraft:entity_properties",
            "entity": "this",
            "predicate": {
              "type_specific": {
                "type": "minecraft:player",
                "gamemode": [
                  "survival"
                ]
              }
            }
          },
          {
            "condition": "minecraft:value_check",
            "value": {
              "type": "minecraft:score",
              "target": {
                "type": "minecraft:fixed",
                "name": "%game"
              },
              "score": "uhcp_initStatus"
            },
            "range": 1
          }
        ],
        "item": {
          "items": "minecraft:goat_horn",
          "predicates": {
            "minecraft:custom_data": {
              "uhcp_huntingcall": true
            }
          }
        }
      }
    }
  },
  "rewards": {
      "function": "uhcp:augments/effects/gold/huntingcall/use"
  }
}