{
  "criteria": {
    "requirement": {
      "trigger": "minecraft:location",
      "conditions": {
        "player": [
          {
            "condition": "minecraft:value_check",
            "value": {
              "type": "minecraft:score",
              "target": {
              "type": "minecraft:fixed",
              "name": "%lava_init"
              },
              "score": "uhcp_initStatus"
            },
            "range": 1
          },
          {
            "condition": "minecraft:entity_properties",
            "entity": "this",
            "predicate": {
              "type_specific": {
                "type": "minecraft:player",
                "gamemode": [
                  "survival"
                ]
              },
              "location": {
                "position": {
                  "x": {
                    "min": -70,
                    "max": 71
                  },
                  "z": {
                    "min": -70,
                    "max": 71
                  }
                },
                "dimension": "minecraft:overworld",
                "fluid": {
                  "fluids": "#minecraft:lava"
                }
              }
            }
          }
        ]
      }
    }
  },
  "rewards": {
    "function": "uhcp:lava/in_lava"
  }
}