{
  "parent": "uhcp:augments/hunters_blessing/killed",
  "criteria": {
    "requirement": {
      "trigger": "minecraft:player_killed_entity",
      "conditions": {
        "player": [
          {
            "condition": "minecraft:entity_scores",
            "entity": "this",
            "scores": {
              "uhcp_augment": 210
            }
          }
        ],
        "entity": [
          {
            "condition": "minecraft:any_of",
            "terms": [
              {
                "condition": "minecraft:entity_properties",
                "entity": "this",
                "predicate": {
                  "type": "minecraft:spider"
                }
              },
              {
                "condition": "minecraft:entity_properties",
                "entity": "this",
                "predicate": {
                  "type": "minecraft:cave_spider"
                }
              }
            ]
          }
        ]
      }
    }
  },
  "rewards": {
    "function": "uhcp:augments/effects/prismatic/huntersblessing/check"
  }
}