{
  "parent": "uhcp:augments/hunters_blessing/killed",
  "criteria": {
    "requirement": {
      "trigger": "minecraft:player_killed_entity",
      "conditions": {
        "player": [
          {
            "condition": "minecraft:entity_scores",
            "entity": "this",
            "scores": {
              "uhcp_augment": 210
            }
          }
        ],
        "entity": {
          "type": "minecraft:creeper"
        }
      }
    }
  },
  "rewards": {
    "function": "uhcp:augments/effects/prismatic/huntersblessing/check"
  }
}