{
  "condition": "minecraft:any_of",
  "terms": [
    {
      "condition": "minecraft:entity_properties",
      "entity": "this",
      "predicate": {
        "slots": {
          "contents": {
            "predicates": {
              "minecraft:custom_data": {
                "uhcp_augSelect": true
              }
            }
          }
        }
      }
    },
    {
      "condition": "minecraft:entity_properties",
      "entity": "this",
      "predicate": {
        "slots": {
          "contents": {
            "predicates": {
              "minecraft:custom_data": {
                "uhcp_augPane": true
              }
            }
          }
        }
      }
    }
  ]
}