{
  "criteria": {
    "requirement": {
      "trigger": "minecraft:location",
      "conditions": {
        "player": [
          {
            "condition": "minecraft:entity_scores",
            "entity": "this",
            "scores": {
              "uhcp_aug_tier": 100
            }
          },
          {
            "condition": "minecraft:any_of",
            "terms": [
              {
                "condition": "minecraft:entity_scores",
                "entity": "this",
                "scores": {
                  "uhcp_augment": 214
                }
              },
              {
                "condition": "minecraft:entity_scores",
                "entity": "this",
                "scores": {
                  "uhcp_augment": 231
                }
              }
            ]
          },
          {
            "condition": "minecraft:value_check",
            "value": {
              "type": "minecraft:score",
              "target": {
              "type": "minecraft:fixed",
              "name": "%lava_init"
              },
              "score": "uhcp_initStatus"
            },
            "range": 1
          },
          {
            "condition": "minecraft:entity_properties",
            "entity": "this",
            "predicate": {
              "location": {
                "position": {
                  "x": {
                    "min": -70,
                    "max": 71
                  },
                  "z": {
                    "min": -70,
                    "max": 71
                  }
                },
                "dimension": "minecraft:overworld",
                "fluid": {
                  "fluids": "#minecraft:lava"
                }
              }
            }
          }
        ]
      }
    }
  },
  "rewards": {
    "function": "uhcp:augments/effects/prismatic/netherborn/fire_resistance/height"
  }
}