{
  "criteria": {
    "requirement": {
      "trigger": "minecraft:player_killed_entity",
      "conditions": {
        "entity": [
          {
            "condition": "minecraft:any_of",
            "terms": [
              {
                "condition": "minecraft:entity_properties",
                "entity": "this",
                "predicate": {
                  "type": "#uhcp:can_be_hostile_mobs"
                }
              }
            ]
          }
        ]
      }
    }
  },
  "rewards": {
    "function": "ssiege:start/encounters/effects/13"
  }
}