{
  "pools": [
    {
      "rolls": 1,
      "entries": [
        {
          "type": "minecraft:item",
          "name": "minecraft:leather_boots",
          "functions": [
            {
              "function": "minecraft:set_components",
              "components": {
                "minecraft:attribute_modifiers": [
                  {
                    "id": "uhcp:snow_boots_armor",
                    "type": "minecraft:armor",
                    "amount": 0,
                    "operation": "add_value",
                    "slot": "feet"
                  }
                ]
              }
            },
            {
              "function": "minecraft:toggle_tooltips",
              "toggles": {
                "minecraft:attribute_modifiers": false
              }
            },
            {
              "function": "minecraft:set_lore",
              "lore": [
                {
                  "text": "Allow you to tredge on snow.",
                  "color": "gray",
                  "italic": true
                }
              ],
              "mode": "replace_all"
            },
            {
              "function": "minecraft:set_name",
              "target": "item_name",
              "name": {
                "text": "Snow Boots",
                "color": "light_purple"
              }
            }
          ]
        }
      ]
    }
  ]
}