{
  "pools": [
    {
      "rolls": 1,
      "entries": [
        {
          "type": "item",
          "weight": 1,
          "name": "minecraft:gold_ingot",
          "functions": [
            {
              "function": "set_count",
              "count": 256
            }
          ]
        },
        {
          "type": "item",
          "weight": 2,
          "name": "minecraft:gold_ingot",
          "functions": [
            {
              "function": "set_count",
              "count": 128
            }
          ]
        },
        {
          "type": "item",
          "weight": 4,
          "name": "minecraft:gold_ingot",
          "functions": [
            {
              "function": "set_count",
              "count": 64
            }
          ]
        },
        {
          "type": "item",
          "weight": 8,
          "name": "minecraft:gold_ingot",
          "functions": [
            {
              "function": "set_count",
              "count": 32
            }
          ]
        },
        {
          "type": "item",
          "weight": 16,
          "name": "minecraft:gold_ingot",
          "functions": [
            {
              "function": "set_count",
              "count": 16
            }
          ]
        }
      ]
    }
  ]
}