{
  "pools": [
    {
      "rolls": 1,
      "entries": [
        {
          "type": "minecraft:item",
          "name": "minecraft:clock",
          "weight": 1,
          "functions": [
            {
              "function": "minecraft:set_count",
              "count": 1
            },
            {
              "function": "minecraft:set_custom_data",
              "tag": "{uhcp_augSelect:1b,augment:300s}"
            },
            {
              "function": "minecraft:set_name",
              "target": "item_name",
              "name": [
                {
                  "text": "AFK",
                  "color": "gold",
                  "bold": true
                }
              ]
            },
            {
              "function": "minecraft:set_lore",
              "lore": [
                {
                  "text": "------------------------",
                  "color": "blue",
                  "bold": true
                },
                [
                  {
                    "text": "You cannot move for 3 minutes. Gain 24 ",
                    "color": "gray"
                  },
                  {
                    "text": "Diamonds",
                    "color": "white"
                  }
                ],
                {
                  "text": "after.",
                  "color": "gray"
                }
              ],
              "mode": "replace_all"
            },
            {
              "function": "minecraft:toggle_tooltips",
              "toggles": {
                "minecraft:attribute_modifiers": false
              }
            }
          ],
          "conditions": [
            {
              "condition": "minecraft:inverted",
              "term": {
                "condition": "minecraft:entity_properties",
                "entity": "this",
                "predicate": {
                  "slots": {
                    "container.*": {
                      "predicates": {
                        "minecraft:custom_data": "{augment:300s}"
                      }
                    }
                  }
                }
              }
            }
          ]
        },
        {
          "type": "minecraft:item",
          "name": "minecraft:stick",
          "weight": 1,
          "functions": [
            {
              "function": "minecraft:set_count",
              "count": 1
            },
            {
              "function": "minecraft:set_custom_data",
              "tag": "{uhcp_augSelect:1b,augment:302s}"
            },
            {
              "function": "minecraft:set_name",
              "target": "item_name",
              "name": [
                {
                  "text": "Back Off!",
                  "color": "gold",
                  "bold": true
                }
              ]
            },
            {
              "function": "minecraft:set_lore",
              "lore": [
                {
                  "text": "------------------------",
                  "color": "blue",
                  "bold": true
                },
                [
                  {
                    "text": "Gain an unrepairable Wooden ",
                    "color": "gray"
                  },
                  {
                    "text": "Sword",
                    "color": "white"
                  },
                  {
                    "text": " with ",
                    "color": "gray"
                  },
                  {
                    "text": "Knockback",
                    "color": "white"
                  }
                ],
                {
                  "text": "VII.",
                  "color": "gray"
                }
              ],
              "mode": "replace_all"
            },
            {
              "function": "minecraft:toggle_tooltips",
              "toggles": {
                "minecraft:attribute_modifiers": false
              }
            }
          ],
          "conditions": [
            {
              "condition": "minecraft:inverted",
              "term": {
                "condition": "minecraft:entity_properties",
                "entity": "this",
                "predicate": {
                  "slots": {
                    "container.*": {
                      "predicates": {
                        "minecraft:custom_data": "{augment:302s}"
                      }
                    }
                  }
                }
              }
            }
          ]
        },
        {
          "type": "minecraft:item",
          "name": "minecraft:book",
          "weight": 1,
          "functions": [
            {
              "function": "minecraft:set_count",
              "count": 1
            },
            {
              "function": "minecraft:set_custom_data",
              "tag": "{uhcp_augSelect:1b,augment:305s}"
            },
            {
              "function": "minecraft:set_name",
              "target": "item_name",
              "name": [
                {
                  "text": "Bookworm I",
                  "color": "gold",
                  "bold": true
                }
              ]
            },
            {
              "function": "minecraft:set_lore",
              "lore": [
                {
                  "text": "------------------------",
                  "color": "blue",
                  "bold": true
                },
                [
                  {
                    "text": "Gain 3 random ",
                    "color": "gray"
                  },
                  {
                    "text": "Enchanted",
                    "color": "white"
                  },
                  {
                    "text": " books.",
                    "color": "gray"
                  }
                ]
              ],
              "mode": "replace_all"
            },
            {
              "function": "minecraft:toggle_tooltips",
              "toggles": {
                "minecraft:attribute_modifiers": false
              }
            }
          ],
          "conditions": [
            {
              "condition": "minecraft:inverted",
              "term": {
                "condition": "minecraft:entity_properties",
                "entity": "this",
                "predicate": {
                  "slots": {
                    "container.*": {
                      "predicates": {
                        "minecraft:custom_data": "{augment:305s}"
                      }
                    }
                  }
                }
              }
            }
          ]
        },
        {
          "type": "minecraft:item",
          "name": "minecraft:experience_bottle",
          "weight": 1,
          "functions": [
            {
              "function": "minecraft:set_count",
              "count": 1
            },
            {
              "function": "minecraft:set_custom_data",
              "tag": "{uhcp_augSelect:1b,augment:306s}"
            },
            {
              "function": "minecraft:set_name",
              "target": "item_name",
              "name": [
                {
                  "text": "Bottled Knowledge",
                  "color": "gold",
                  "bold": true
                }
              ]
            },
            {
              "function": "minecraft:set_lore",
              "lore": [
                {
                  "text": "------------------------",
                  "color": "blue",
                  "bold": true
                },
                [
                  {
                    "text": "Gain 10 ",
                    "color": "gray"
                  },
                  {
                    "text": "Bottles",
                    "color": "white"
                  },
                  {
                    "text": " o' Enchanting.The first time you",
                    "color": "gray"
                  }
                ],
                [
                  {
                    "text": "reach each XP level, gain a ",
                    "color": "gray"
                  },
                  {
                    "text": "Diamond",
                    "color": "white"
                  },
                  {
                    "text": ".",
                    "color": "gray"
                  }
                ]
              ],
              "mode": "replace_all"
            },
            {
              "function": "minecraft:toggle_tooltips",
              "toggles": {
                "minecraft:attribute_modifiers": false
              }
            }
          ],
          "conditions": [
            {
              "condition": "minecraft:inverted",
              "term": {
                "condition": "minecraft:entity_properties",
                "entity": "this",
                "predicate": {
                  "slots": {
                    "container.*": {
                      "predicates": {
                        "minecraft:custom_data": "{augment:306s}"
                      }
                    }
                  }
                }
              }
            }
          ]
        },
        {
          "type": "minecraft:item",
          "name": "minecraft:rabbit_spawn_egg",
          "weight": 1,
          "functions": [
            {
              "function": "minecraft:set_count",
              "count": 1
            },
            {
              "function": "minecraft:set_custom_data",
              "tag": "{uhcp_augSelect:1b,augment:307s}"
            },
            {
              "function": "minecraft:set_name",
              "target": "item_name",
              "name": [
                {
                  "text": "Caerbannog",
                  "color": "gold",
                  "bold": true
                }
              ]
            },
            {
              "function": "minecraft:set_lore",
              "lore": [
                {
                  "text": "------------------------",
                  "color": "blue",
                  "bold": true
                },
                {
                  "text": "Gain a Giant Killer Bunny spawn egg. Gain another",
                  "color": "gray"
                },
                {
                  "text": "every 5 minutes.",
                  "color": "gray"
                }
              ],
              "mode": "replace_all"
            },
            {
              "function": "minecraft:toggle_tooltips",
              "toggles": {
                "minecraft:attribute_modifiers": false
              }
            }
          ],
          "conditions": [
            {
              "condition": "minecraft:inverted",
              "term": {
                "condition": "minecraft:entity_properties",
                "entity": "this",
                "predicate": {
                  "slots": {
                    "container.*": {
                      "predicates": {
                        "minecraft:custom_data": "{augment:307s}"
                      }
                    }
                  }
                }
              }
            }
          ]
        },
        {
          "type": "minecraft:item",
          "name": "minecraft:lead",
          "weight": 1,
          "functions": [
            {
              "function": "minecraft:set_count",
              "count": 1
            },
            {
              "function": "minecraft:set_custom_data",
              "tag": "{uhcp_augSelect:1b,augment:310s}"
            },
            {
              "function": "minecraft:set_name",
              "target": "item_name",
              "name": [
                {
                  "text": "Cowboy Cosplay",
                  "color": "gold",
                  "bold": true
                }
              ]
            },
            {
              "function": "minecraft:set_lore",
              "lore": [
                {
                  "text": "------------------------",
                  "color": "blue",
                  "bold": true
                },
                [
                  {
                    "text": "Gain 4 Cows, a Horse, a Leather ",
                    "color": "gray"
                  },
                  {
                    "text": "Helmet",
                    "color": "white"
                  },
                  {
                    "text": ", Lead,",
                    "color": "gray"
                  }
                ],
                [
                  {
                    "text": "Saddle, ",
                    "color": "gray"
                  },
                  {
                    "text": "Diamond",
                    "color": "white"
                  },
                  {
                    "text": " Horse armor, and 32 ",
                    "color": "gray"
                  },
                  {
                    "text": "Gold",
                    "color": "white"
                  },
                  {
                    "text": "Ingots",
                    "color": "white"
                  },
                  {
                    "text": ".",
                    "color": "gray"
                  }
                ]
              ],
              "mode": "replace_all"
            },
            {
              "function": "minecraft:toggle_tooltips",
              "toggles": {
                "minecraft:attribute_modifiers": false
              }
            }
          ],
          "conditions": [
            {
              "condition": "minecraft:inverted",
              "term": {
                "condition": "minecraft:entity_properties",
                "entity": "this",
                "predicate": {
                  "slots": {
                    "container.*": {
                      "predicates": {
                        "minecraft:custom_data": "{augment:310s}"
                      }
                    }
                  }
                }
              }
            }
          ]
        },
        {
          "type": "minecraft:item",
          "name": "minecraft:writable_book",
          "weight": 1,
          "functions": [
            {
              "function": "minecraft:set_count",
              "count": 1
            },
            {
              "function": "minecraft:set_custom_data",
              "tag": "{uhcp_augSelect:1b,augment:311s}"
            },
            {
              "function": "minecraft:set_name",
              "target": "item_name",
              "name": [
                {
                  "text": "Cram Session",
                  "color": "gold",
                  "bold": true
                }
              ]
            },
            {
              "function": "minecraft:set_lore",
              "lore": [
                {
                  "text": "------------------------",
                  "color": "blue",
                  "bold": true
                },
                [
                  {
                    "text": "Gain a ",
                    "color": "gray"
                  },
                  {
                    "text": "Soul Shard",
                    "color": "white"
                  },
                  {
                    "text": ", and another the first time you",
                    "color": "gray"
                  }
                ],
                {
                  "text": "reach every 3rd level.",
                  "color": "gray"
                }
              ],
              "mode": "replace_all"
            },
            {
              "function": "minecraft:toggle_tooltips",
              "toggles": {
                "minecraft:attribute_modifiers": false
              }
            }
          ],
          "conditions": [
            {
              "condition": "minecraft:inverted",
              "term": {
                "condition": "minecraft:entity_properties",
                "entity": "this",
                "predicate": {
                  "slots": {
                    "container.*": {
                      "predicates": {
                        "minecraft:custom_data": "{augment:311s}"
                      }
                    }
                  }
                }
              }
            }
          ]
        },
        {
          "type": "minecraft:item",
          "name": "minecraft:pointed_dripstone",
          "weight": 1,
          "functions": [
            {
              "function": "minecraft:set_count",
              "count": 1
            },
            {
              "function": "minecraft:set_custom_data",
              "tag": "{uhcp_augSelect:1b,augment:313s}"
            },
            {
              "function": "minecraft:set_name",
              "target": "item_name",
              "name": [
                {
                  "text": "Drip Economy II",
                  "color": "gold",
                  "bold": true
                }
              ]
            },
            {
              "function": "minecraft:set_lore",
              "lore": [
                {
                  "text": "------------------------",
                  "color": "blue",
                  "bold": true
                },
                [
                  {
                    "text": "Gain a ",
                    "color": "gray"
                  },
                  {
                    "text": "Diamond",
                    "color": "white"
                  },
                  {
                    "text": " and a ",
                    "color": "gray"
                  },
                  {
                    "text": "Gold",
                    "color": "white"
                  },
                  {
                    "text": "Ingot",
                    "color": "white"
                  },
                  {
                    "text": ", and another one",
                    "color": "gray"
                  }
                ],
                {
                  "text": "of each every 60 seconds.",
                  "color": "gray"
                }
              ],
              "mode": "replace_all"
            },
            {
              "function": "minecraft:toggle_tooltips",
              "toggles": {
                "minecraft:attribute_modifiers": false
              }
            }
          ],
          "conditions": [
            {
              "condition": "minecraft:inverted",
              "term": {
                "condition": "minecraft:entity_properties",
                "entity": "this",
                "predicate": {
                  "slots": {
                    "container.*": {
                      "predicates": {
                        "minecraft:custom_data": "{augment:313s}"
                      }
                    }
                  }
                }
              }
            }
          ]
        },
        {
          "type": "minecraft:item",
          "name": "minecraft:spectral_arrow",
          "weight": 1,
          "functions": [
            {
              "function": "minecraft:set_count",
              "count": 1
            },
            {
              "function": "minecraft:set_custom_data",
              "tag": "{uhcp_augSelect:1b,augment:315s}"
            },
            {
              "function": "minecraft:set_name",
              "target": "item_name",
              "name": [
                {
                  "text": "Echolocation",
                  "color": "gold",
                  "bold": true
                }
              ]
            },
            {
              "function": "minecraft:set_lore",
              "lore": [
                {
                  "text": "------------------------",
                  "color": "blue",
                  "bold": true
                },
                {
                  "text": "Every 15 seconds, apply Glowing to all nearby",
                  "color": "gray"
                },
                {
                  "text": "enemies for 15 seconds.",
                  "color": "gray"
                }
              ],
              "mode": "replace_all"
            },
            {
              "function": "minecraft:toggle_tooltips",
              "toggles": {
                "minecraft:attribute_modifiers": false
              }
            }
          ],
          "conditions": [
            {
              "condition": "minecraft:inverted",
              "term": {
                "condition": "minecraft:entity_properties",
                "entity": "this",
                "predicate": {
                  "slots": {
                    "container.*": {
                      "predicates": {
                        "minecraft:custom_data": "{augment:315s}"
                      }
                    }
                  }
                }
              }
            }
          ]
        },
        {
          "type": "minecraft:item",
          "name": "minecraft:obsidian",
          "weight": 1,
          "functions": [
            {
              "function": "minecraft:set_count",
              "count": 1
            },
            {
              "function": "minecraft:set_custom_data",
              "tag": "{uhcp_augSelect:1b,augment:317s}"
            },
            {
              "function": "minecraft:set_name",
              "target": "item_name",
              "name": [
                {
                  "text": "Fire and Water",
                  "color": "gold",
                  "bold": true
                }
              ]
            },
            {
              "function": "minecraft:set_lore",
              "lore": [
                {
                  "text": "------------------------",
                  "color": "blue",
                  "bold": true
                },
                [
                  {
                    "text": "Gain 2 ",
                    "color": "gray"
                  },
                  {
                    "text": "Water",
                    "color": "white"
                  },
                  {
                    "text": " Buckets, 2 ",
                    "color": "gray"
                  },
                  {
                    "text": "Lava",
                    "color": "white"
                  },
                  {
                    "text": " Buckets, 4 ",
                    "color": "gray"
                  },
                  {
                    "text": "Obsidian",
                    "color": "white"
                  },
                  {
                    "text": ",",
                    "color": "gray"
                  }
                ],
                [
                  {
                    "text": "and ",
                    "color": "gray"
                  },
                  {
                    "text": "Diamond",
                    "color": "white"
                  },
                  {
                    "text": "Boots",
                    "color": "white"
                  },
                  {
                    "text": " with ",
                    "color": "gray"
                  },
                  {
                    "text": "Depth Strider",
                    "color": "white"
                  },
                  {
                    "text": " II.",
                    "color": "gray"
                  }
                ]
              ],
              "mode": "replace_all"
            },
            {
              "function": "minecraft:toggle_tooltips",
              "toggles": {
                "minecraft:attribute_modifiers": false
              }
            }
          ],
          "conditions": [
            {
              "condition": "minecraft:inverted",
              "term": {
                "condition": "minecraft:entity_properties",
                "entity": "this",
                "predicate": {
                  "slots": {
                    "container.*": {
                      "predicates": {
                        "minecraft:custom_data": "{augment:317s}"
                      }
                    }
                  }
                }
              }
            }
          ]
        },
        {
          "type": "minecraft:item",
          "name": "minecraft:golden_apple",
          "weight": 1,
          "functions": [
            {
              "function": "minecraft:set_count",
              "count": 1
            },
            {
              "function": "minecraft:set_custom_data",
              "tag": "{uhcp_augSelect:1b,augment:320s}"
            },
            {
              "function": "minecraft:set_name",
              "target": "item_name",
              "name": [
                {
                  "text": "Gapple Gap I",
                  "color": "gold",
                  "bold": true
                }
              ]
            },
            {
              "function": "minecraft:set_lore",
              "lore": [
                {
                  "text": "------------------------",
                  "color": "blue",
                  "bold": true
                },
                [
                  {
                    "text": "Gain 6 ",
                    "color": "gray"
                  },
                  {
                    "text": "Golden",
                    "color": "white"
                  },
                  {
                    "text": "Apples",
                    "color": "white"
                  },
                  {
                    "text": ".",
                    "color": "gray"
                  }
                ]
              ],
              "mode": "replace_all"
            },
            {
              "function": "minecraft:toggle_tooltips",
              "toggles": {
                "minecraft:attribute_modifiers": false
              }
            }
          ],
          "conditions": [
            {
              "condition": "minecraft:inverted",
              "term": {
                "condition": "minecraft:entity_properties",
                "entity": "this",
                "predicate": {
                  "slots": {
                    "container.*": {
                      "predicates": {
                        "minecraft:custom_data": "{augment:320s}"
                      }
                    }
                  }
                }
              }
            }
          ]
        },
        {
          "type": "minecraft:item",
          "name": "minecraft:diamond_pickaxe",
          "weight": 1,
          "functions": [
            {
              "function": "minecraft:set_count",
              "count": 1
            },
            {
              "function": "minecraft:set_custom_data",
              "tag": "{uhcp_augSelect:1b,augment:327s}"
            },
            {
              "function": "minecraft:set_name",
              "target": "item_name",
              "name": [
                {
                  "text": "Rush Order",
                  "color": "gold",
                  "bold": true
                }
              ]
            },
            {
              "function": "minecraft:set_lore",
              "lore": [
                {
                  "text": "------------------------",
                  "color": "blue",
                  "bold": true
                },
                [
                  {
                    "text": "Gain a ",
                    "color": "gray"
                  },
                  {
                    "text": "Diamond",
                    "color": "white"
                  },
                  {
                    "text": "Pickaxe",
                    "color": "white"
                  },
                  {
                    "text": ", Shovel, Hoe and Axe, all",
                    "color": "gray"
                  }
                ],
                [
                  {
                    "text": "enchanted with ",
                    "color": "gray"
                  },
                  {
                    "text": "Efficiency",
                    "color": "white"
                  },
                  {
                    "text": " I.",
                    "color": "gray"
                  }
                ]
              ],
              "mode": "replace_all"
            },
            {
              "function": "minecraft:toggle_tooltips",
              "toggles": {
                "minecraft:attribute_modifiers": false
              }
            }
          ],
          "conditions": [
            {
              "condition": "minecraft:inverted",
              "term": {
                "condition": "minecraft:entity_properties",
                "entity": "this",
                "predicate": {
                  "slots": {
                    "container.*": {
                      "predicates": {
                        "minecraft:custom_data": "{augment:327s}"
                      }
                    }
                  }
                }
              }
            }
          ]
        },
        {
          "type": "minecraft:item",
          "name": "minecraft:mace",
          "weight": 1,
          "functions": [
            {
              "function": "minecraft:set_count",
              "count": 1
            },
            {
              "function": "minecraft:set_custom_data",
              "tag": "{uhcp_augSelect:1b,augment:329s}"
            },
            {
              "function": "minecraft:set_name",
              "target": "item_name",
              "name": [
                {
                  "text": "Jump King",
                  "color": "gold",
                  "bold": true
                }
              ]
            },
            {
              "function": "minecraft:set_lore",
              "lore": [
                {
                  "text": "------------------------",
                  "color": "blue",
                  "bold": true
                },
                [
                  {
                    "text": "Gain a ",
                    "color": "gray"
                  },
                  {
                    "text": "Mace",
                    "color": "white"
                  },
                  {
                    "text": ". Also, gain a ",
                    "color": "gray"
                  },
                  {
                    "text": "Wind Charge",
                    "color": "white"
                  },
                  {
                    "text": " every 120",
                    "color": "gray"
                  }
                ],
                {
                  "text": "seconds.",
                  "color": "gray"
                }
              ],
              "mode": "replace_all"
            },
            {
              "function": "minecraft:toggle_tooltips",
              "toggles": {
                "minecraft:attribute_modifiers": false
              }
            }
          ],
          "conditions": [
            {
              "condition": "minecraft:inverted",
              "term": {
                "condition": "minecraft:entity_properties",
                "entity": "this",
                "predicate": {
                  "slots": {
                    "container.*": {
                      "predicates": {
                        "minecraft:custom_data": "{augment:329s}"
                      }
                    }
                  }
                }
              }
            }
          ]
        },
        {
          "type": "minecraft:item",
          "name": "minecraft:netherite_chestplate",
          "weight": 1,
          "functions": [
            {
              "function": "minecraft:set_count",
              "count": 1
            },
            {
              "function": "minecraft:set_custom_data",
              "tag": "{uhcp_augSelect:1b,augment:330s}"
            },
            {
              "function": "minecraft:set_name",
              "target": "item_name",
              "name": [
                {
                  "text": "Large and in Charge",
                  "color": "gold",
                  "bold": true
                }
              ]
            },
            {
              "function": "minecraft:set_lore",
              "lore": [
                {
                  "text": "------------------------",
                  "color": "blue",
                  "bold": true
                },
                [
                  {
                    "text": "Become 50% larger. Gain 10 ",
                    "color": "gray"
                  },
                  {
                    "text": "Hearts",
                    "color": "white"
                  },
                  {
                    "text": " of Max HP.",
                    "color": "gray"
                  }
                ]
              ],
              "mode": "replace_all"
            },
            {
              "function": "minecraft:toggle_tooltips",
              "toggles": {
                "minecraft:attribute_modifiers": false
              }
            }
          ],
          "conditions": [
            {
              "condition": "minecraft:inverted",
              "term": {
                "condition": "minecraft:entity_properties",
                "entity": "this",
                "predicate": {
                  "slots": {
                    "container.*": {
                      "predicates": {
                        "minecraft:custom_data": "{augment:330s}"
                      }
                    }
                  }
                }
              }
            }
          ]
        },
        {
          "type": "minecraft:item",
          "name": "minecraft:enchanting_table",
          "weight": 1,
          "functions": [
            {
              "function": "minecraft:set_count",
              "count": 1
            },
            {
              "function": "minecraft:set_custom_data",
              "tag": "{uhcp_augSelect:1b,augment:332s}"
            },
            {
              "function": "minecraft:set_name",
              "target": "item_name",
              "name": [
                {
                  "text": "Late Game Specialist",
                  "color": "gold",
                  "bold": true
                }
              ]
            },
            {
              "function": "minecraft:set_lore",
              "lore": [
                {
                  "text": "------------------------",
                  "color": "blue",
                  "bold": true
                },
                [
                  {
                    "text": "Gain 20 ",
                    "color": "gray"
                  },
                  {
                    "text": "Diamonds",
                    "color": "white"
                  },
                  {
                    "text": " and 4 ",
                    "color": "gray"
                  },
                  {
                    "text": "Soul Shards",
                    "color": "white"
                  },
                  {
                    "text": " upon reaching",
                    "color": "gray"
                  }
                ],
                {
                  "text": "Level 20.",
                  "color": "gray"
                }
              ],
              "mode": "replace_all"
            },
            {
              "function": "minecraft:toggle_tooltips",
              "toggles": {
                "minecraft:attribute_modifiers": false
              }
            }
          ],
          "conditions": [
            {
              "condition": "minecraft:inverted",
              "term": {
                "condition": "minecraft:entity_properties",
                "entity": "this",
                "predicate": {
                  "slots": {
                    "container.*": {
                      "predicates": {
                        "minecraft:custom_data": "{augment:332s}"
                      }
                    }
                  }
                }
              }
            }
          ]
        },
        {
          "type": "minecraft:item",
          "name": "minecraft:comparator",
          "weight": 1,
          "functions": [
            {
              "function": "minecraft:set_count",
              "count": 1
            },
            {
              "function": "minecraft:set_custom_data",
              "tag": "{uhcp_augSelect:1b,augment:334s}"
            },
            {
              "function": "minecraft:set_name",
              "target": "item_name",
              "name": [
                {
                  "text": "Less Than 3",
                  "color": "gold",
                  "bold": true
                }
              ]
            },
            {
              "function": "minecraft:set_lore",
              "lore": [
                {
                  "text": "------------------------",
                  "color": "blue",
                  "bold": true
                },
                [
                  {
                    "text": "Gain 2 max HP, 2 ",
                    "color": "gray"
                  },
                  {
                    "text": "Golden",
                    "color": "white"
                  },
                  {
                    "text": "Apples",
                    "color": "white"
                  },
                  {
                    "text": ", and 2 ",
                    "color": "gray"
                  },
                  {
                    "text": "Diamonds",
                    "color": "white"
                  },
                  {
                    "text": ".",
                    "color": "gray"
                  }
                ]
              ],
              "mode": "replace_all"
            },
            {
              "function": "minecraft:toggle_tooltips",
              "toggles": {
                "minecraft:attribute_modifiers": false
              }
            }
          ],
          "conditions": [
            {
              "condition": "minecraft:inverted",
              "term": {
                "condition": "minecraft:entity_properties",
                "entity": "this",
                "predicate": {
                  "slots": {
                    "container.*": {
                      "predicates": {
                        "minecraft:custom_data": "{augment:334s}"
                      }
                    }
                  }
                }
              }
            }
          ]
        },
        {
          "type": "minecraft:item",
          "name": "minecraft:iron_nugget",
          "weight": 1,
          "functions": [
            {
              "function": "minecraft:set_count",
              "count": 1
            },
            {
              "function": "minecraft:set_custom_data",
              "tag": "{uhcp_augSelect:1b,augment:335s}"
            },
            {
              "function": "minecraft:set_name",
              "target": "item_name",
              "name": [
                {
                  "text": "Lil Bro",
                  "color": "gold",
                  "bold": true
                }
              ]
            },
            {
              "function": "minecraft:set_lore",
              "lore": [
                {
                  "text": "------------------------",
                  "color": "blue",
                  "bold": true
                },
                {
                  "text": "Become smaller. (90% size)",
                  "color": "gray"
                }
              ],
              "mode": "replace_all"
            },
            {
              "function": "minecraft:toggle_tooltips",
              "toggles": {
                "minecraft:attribute_modifiers": false
              }
            }
          ],
          "conditions": [
            {
              "condition": "minecraft:inverted",
              "term": {
                "condition": "minecraft:entity_properties",
                "entity": "this",
                "predicate": {
                  "slots": {
                    "container.*": {
                      "predicates": {
                        "minecraft:custom_data": "{augment:335s}"
                      }
                    }
                  }
                }
              }
            }
          ]
        },
        {
          "type": "minecraft:item",
          "name": "minecraft:gold_ingot",
          "weight": 1,
          "functions": [
            {
              "function": "minecraft:set_count",
              "count": 1
            },
            {
              "function": "minecraft:set_custom_data",
              "tag": "{uhcp_augSelect:1b,augment:339s}"
            },
            {
              "function": "minecraft:set_name",
              "target": "item_name",
              "name": [
                {
                  "text": "Money Money",
                  "color": "gold",
                  "bold": true
                }
              ]
            },
            {
              "function": "minecraft:set_lore",
              "lore": [
                {
                  "text": "------------------------",
                  "color": "blue",
                  "bold": true
                },
                [
                  {
                    "text": "Gain 32 ",
                    "color": "gray"
                  },
                  {
                    "text": "Gold",
                    "color": "white"
                  },
                  {
                    "text": "Ingots",
                    "color": "white"
                  },
                  {
                    "text": " and 8 ",
                    "color": "gray"
                  },
                  {
                    "text": "Diamonds",
                    "color": "white"
                  },
                  {
                    "text": ".",
                    "color": "gray"
                  }
                ]
              ],
              "mode": "replace_all"
            },
            {
              "function": "minecraft:toggle_tooltips",
              "toggles": {
                "minecraft:attribute_modifiers": false
              }
            }
          ],
          "conditions": [
            {
              "condition": "minecraft:inverted",
              "term": {
                "condition": "minecraft:entity_properties",
                "entity": "this",
                "predicate": {
                  "slots": {
                    "container.*": {
                      "predicates": {
                        "minecraft:custom_data": "{augment:339s}"
                      }
                    }
                  }
                }
              }
            }
          ]
        },
        {
          "type": "minecraft:item",
          "name": "minecraft:tnt",
          "weight": 1,
          "functions": [
            {
              "function": "minecraft:set_count",
              "count": 1
            },
            {
              "function": "minecraft:set_custom_data",
              "tag": "{uhcp_augSelect:1b,augment:342s}"
            },
            {
              "function": "minecraft:set_name",
              "target": "item_name",
              "name": [
                {
                  "text": "Oppenheimer",
                  "color": "gold",
                  "bold": true
                }
              ]
            },
            {
              "function": "minecraft:set_lore",
              "lore": [
                {
                  "text": "------------------------",
                  "color": "blue",
                  "bold": true
                },
                [
                  {
                    "text": "Gain 15 ",
                    "color": "gray"
                  },
                  {
                    "text": "TNT",
                    "color": "white"
                  },
                  {
                    "text": ", 6 Minecarts, 64 ",
                    "color": "gray"
                  },
                  {
                    "text": "Redstone",
                    "color": "white"
                  },
                  {
                    "text": ", a Flint and",
                    "color": "gray"
                  }
                ],
                [
                  {
                    "text": "Steel, and ",
                    "color": "gray"
                  },
                  {
                    "text": "Blast Protection",
                    "color": "white"
                  },
                  {
                    "text": " IV ",
                    "color": "gray"
                  },
                  {
                    "text": "Diamond",
                    "color": "white"
                  },
                  {
                    "text": "Boots",
                    "color": "white"
                  },
                  {
                    "text": ".",
                    "color": "gray"
                  }
                ]
              ],
              "mode": "replace_all"
            },
            {
              "function": "minecraft:toggle_tooltips",
              "toggles": {
                "minecraft:attribute_modifiers": false
              }
            }
          ],
          "conditions": [
            {
              "condition": "minecraft:inverted",
              "term": {
                "condition": "minecraft:entity_properties",
                "entity": "this",
                "predicate": {
                  "slots": {
                    "container.*": {
                      "predicates": {
                        "minecraft:custom_data": "{augment:342s}"
                      }
                    }
                  }
                }
              }
            }
          ]
        },
        {
          "type": "minecraft:item",
          "name": "minecraft:warped_fungus",
          "weight": 1,
          "functions": [
            {
              "function": "minecraft:set_count",
              "count": 1
            },
            {
              "function": "minecraft:set_custom_data",
              "tag": "{uhcp_augSelect:1b,augment:343s}"
            },
            {
              "function": "minecraft:set_name",
              "target": "item_name",
              "name": [
                {
                  "text": "Parasite",
                  "color": "gold",
                  "bold": true
                }
              ]
            },
            {
              "function": "minecraft:set_lore",
              "lore": [
                {
                  "text": "------------------------",
                  "color": "blue",
                  "bold": true
                },
                [
                  {
                    "text": "Start with permanent ",
                    "color": "gray"
                  },
                  {
                    "text": "Strength",
                    "color": "white"
                  },
                  {
                    "text": " I. In exchange, gain",
                    "color": "gray"
                  }
                ],
                {
                  "text": "a irremovable Fungus attached to your head",
                  "color": "gray"
                },
                [
                  {
                    "text": "(equivalent to an Leather ",
                    "color": "gray"
                  },
                  {
                    "text": "Helmet",
                    "color": "white"
                  },
                  {
                    "text": ").",
                    "color": "gray"
                  }
                ]
              ],
              "mode": "replace_all"
            },
            {
              "function": "minecraft:toggle_tooltips",
              "toggles": {
                "minecraft:attribute_modifiers": false
              }
            }
          ],
          "conditions": [
            {
              "condition": "minecraft:inverted",
              "term": {
                "condition": "minecraft:entity_properties",
                "entity": "this",
                "predicate": {
                  "slots": {
                    "container.*": {
                      "predicates": {
                        "minecraft:custom_data": "{augment:343s}"
                      }
                    }
                  }
                }
              }
            }
          ]
        },
        {
          "type": "minecraft:item",
          "name": "minecraft:diamond_chestplate",
          "weight": 1,
          "functions": [
            {
              "function": "minecraft:set_count",
              "count": 1
            },
            {
              "function": "minecraft:set_custom_data",
              "tag": "{uhcp_augSelect:1b,augment:349s}"
            },
            {
              "function": "minecraft:set_name",
              "target": "item_name",
              "name": [
                {
                  "text": "Protect Protocol",
                  "color": "gold",
                  "bold": true
                }
              ]
            },
            {
              "function": "minecraft:set_lore",
              "lore": [
                {
                  "text": "------------------------",
                  "color": "blue",
                  "bold": true
                },
                [
                  {
                    "text": "Gain a ",
                    "color": "gray"
                  },
                  {
                    "text": "Diamond",
                    "color": "white"
                  },
                  {
                    "text": "Chestplate",
                    "color": "white"
                  },
                  {
                    "text": " and ",
                    "color": "gray"
                  },
                  {
                    "text": "Leggings",
                    "color": "white"
                  },
                  {
                    "text": ", and an",
                    "color": "gray"
                  }
                ],
                [
                  {
                    "text": "Iron",
                    "color": "white"
                  },
                  {
                    "text": "Helmet",
                    "color": "white"
                  },
                  {
                    "text": " and ",
                    "color": "gray"
                  },
                  {
                    "text": "Boots",
                    "color": "white"
                  },
                  {
                    "text": ".",
                    "color": "gray"
                  }
                ]
              ],
              "mode": "replace_all"
            },
            {
              "function": "minecraft:toggle_tooltips",
              "toggles": {
                "minecraft:attribute_modifiers": false
              }
            }
          ],
          "conditions": [
            {
              "condition": "minecraft:inverted",
              "term": {
                "condition": "minecraft:entity_properties",
                "entity": "this",
                "predicate": {
                  "slots": {
                    "container.*": {
                      "predicates": {
                        "minecraft:custom_data": "{augment:349s}"
                      }
                    }
                  }
                }
              }
            }
          ]
        },
        {
          "type": "minecraft:item",
          "name": "minecraft:oak_log",
          "weight": 1,
          "functions": [
            {
              "function": "minecraft:set_count",
              "count": 1
            },
            {
              "function": "minecraft:set_custom_data",
              "tag": "{uhcp_augSelect:1b,augment:360s}"
            },
            {
              "function": "minecraft:set_name",
              "target": "item_name",
              "name": [
                {
                  "text": "Starter Kit I",
                  "color": "gold",
                  "bold": true
                }
              ]
            },
            {
              "function": "minecraft:set_lore",
              "lore": [
                {
                  "text": "------------------------",
                  "color": "blue",
                  "bold": true
                },
                [
                  {
                    "text": "Gain an ",
                    "color": "gray"
                  },
                  {
                    "text": "Iron",
                    "color": "white"
                  },
                  {
                    "text": "Pickaxe",
                    "color": "white"
                  },
                  {
                    "text": ", ",
                    "color": "gray"
                  },
                  {
                    "text": "Iron",
                    "color": "white"
                  },
                  {
                    "text": " Shovel, and ",
                    "color": "gray"
                  },
                  {
                    "text": "Iron",
                    "color": "white"
                  },
                  {
                    "text": " Axe",
                    "color": "gray"
                  }
                ],
                [
                  {
                    "text": "with ",
                    "color": "gray"
                  },
                  {
                    "text": "Efficiency",
                    "color": "white"
                  },
                  {
                    "text": " I, a ",
                    "color": "gray"
                  },
                  {
                    "text": "Book",
                    "color": "white"
                  },
                  {
                    "text": ", 16 Oak Logs, 16 Steak,",
                    "color": "gray"
                  }
                ],
                [
                  {
                    "text": "a ",
                    "color": "gray"
                  },
                  {
                    "text": "Shield",
                    "color": "white"
                  },
                  {
                    "text": ", and full ",
                    "color": "gray"
                  },
                  {
                    "text": "Iron",
                    "color": "white"
                  },
                  {
                    "text": " armor.",
                    "color": "gray"
                  }
                ]
              ],
              "mode": "replace_all"
            },
            {
              "function": "minecraft:toggle_tooltips",
              "toggles": {
                "minecraft:attribute_modifiers": false
              }
            }
          ],
          "conditions": [
            {
              "condition": "minecraft:inverted",
              "term": {
                "condition": "minecraft:entity_properties",
                "entity": "this",
                "predicate": {
                  "slots": {
                    "container.*": {
                      "predicates": {
                        "minecraft:custom_data": "{augment:360s}"
                      }
                    }
                  }
                }
              }
            }
          ]
        },
        {
          "type": "minecraft:item",
          "name": "minecraft:evoker_spawn_egg",
          "weight": 1,
          "functions": [
            {
              "function": "minecraft:set_count",
              "count": 1
            },
            {
              "function": "minecraft:set_custom_data",
              "tag": "{uhcp_augSelect:1b,augment:363s}"
            },
            {
              "function": "minecraft:set_name",
              "target": "item_name",
              "name": [
                {
                  "text": "Summoned Help",
                  "color": "gold",
                  "bold": true
                }
              ]
            },
            {
              "function": "minecraft:set_lore",
              "lore": [
                {
                  "text": "------------------------",
                  "color": "blue",
                  "bold": true
                },
                [
                  {
                    "text": "Gain a friendly ",
                    "color": "gray"
                  },
                  {
                    "text": "Evoker",
                    "color": "white"
                  },
                  {
                    "text": "Spawn Egg",
                    "color": "white"
                  },
                  {
                    "text": ". Gain another",
                    "color": "gray"
                  }
                ],
                {
                  "text": "every 10 minutes",
                  "color": "gray"
                }
              ],
              "mode": "replace_all"
            },
            {
              "function": "minecraft:toggle_tooltips",
              "toggles": {
                "minecraft:attribute_modifiers": false
              }
            }
          ],
          "conditions": [
            {
              "condition": "minecraft:inverted",
              "term": {
                "condition": "minecraft:entity_properties",
                "entity": "this",
                "predicate": {
                  "slots": {
                    "container.*": {
                      "predicates": {
                        "minecraft:custom_data": "{augment:363s}"
                      }
                    }
                  }
                }
              }
            }
          ]
        },
        {
          "type": "minecraft:item",
          "name": "minecraft:oak_boat",
          "weight": 1,
          "functions": [
            {
              "function": "minecraft:set_count",
              "count": 1
            },
            {
              "function": "minecraft:set_custom_data",
              "tag": "{uhcp_augSelect:1b,augment:366s}"
            },
            {
              "function": "minecraft:set_name",
              "target": "item_name",
              "name": [
                {
                  "text": "The B.O.A.T.",
                  "color": "gold",
                  "bold": true
                }
              ]
            },
            {
              "function": "minecraft:set_lore",
              "lore": [
                {
                  "text": "------------------------",
                  "color": "blue",
                  "bold": true
                },
                {
                  "text": "Gain an Oak Boat and a Bald Head, equivalent to a",
                  "color": "gray"
                },
                [
                  {
                    "text": "Protection",
                    "color": "white"
                  },
                  {
                    "text": " III ",
                    "color": "gray"
                  },
                  {
                    "text": "Diamond",
                    "color": "white"
                  },
                  {
                    "text": "Helmet",
                    "color": "white"
                  },
                  {
                    "text": ".",
                    "color": "gray"
                  }
                ]
              ],
              "mode": "replace_all"
            },
            {
              "function": "minecraft:toggle_tooltips",
              "toggles": {
                "minecraft:attribute_modifiers": false
              }
            }
          ],
          "conditions": [
            {
              "condition": "minecraft:inverted",
              "term": {
                "condition": "minecraft:entity_properties",
                "entity": "this",
                "predicate": {
                  "slots": {
                    "container.*": {
                      "predicates": {
                        "minecraft:custom_data": "{augment:366s}"
                      }
                    }
                  }
                }
              }
            }
          ]
        },
        {
          "type": "minecraft:item",
          "name": "minecraft:ravager_spawn_egg",
          "weight": 1,
          "functions": [
            {
              "function": "minecraft:set_count",
              "count": 1
            },
            {
              "function": "minecraft:set_custom_data",
              "tag": "{uhcp_augSelect:1b,augment:375s}"
            },
            {
              "function": "minecraft:set_name",
              "target": "item_name",
              "name": [
                {
                  "text": "Unleash the Beast",
                  "color": "gold",
                  "bold": true
                }
              ]
            },
            {
              "function": "minecraft:set_lore",
              "lore": [
                {
                  "text": "------------------------",
                  "color": "blue",
                  "bold": true
                },
                [
                  {
                    "text": "Gain 1 friendly ",
                    "color": "gray"
                  },
                  {
                    "text": "Ravager",
                    "color": "white"
                  },
                  {
                    "text": "Spawn Egg",
                    "color": "white"
                  },
                  {
                    "text": ". Gain another",
                    "color": "gray"
                  }
                ],
                {
                  "text": "every 15 minutes.",
                  "color": "gray"
                }
              ],
              "mode": "replace_all"
            },
            {
              "function": "minecraft:toggle_tooltips",
              "toggles": {
                "minecraft:attribute_modifiers": false
              }
            }
          ],
          "conditions": [
            {
              "condition": "minecraft:inverted",
              "term": {
                "condition": "minecraft:entity_properties",
                "entity": "this",
                "predicate": {
                  "slots": {
                    "container.*": {
                      "predicates": {
                        "minecraft:custom_data": "{augment:375s}"
                      }
                    }
                  }
                }
              }
            }
          ]
        },
        {
          "type": "minecraft:item",
          "name": "minecraft:fishing_rod",
          "weight": 1,
          "functions": [
            {
              "function": "minecraft:set_count",
              "count": 1
            },
            {
              "function": "minecraft:set_custom_data",
              "tag": "{uhcp_augSelect:1b,augment:378s}"
            },
            {
              "function": "minecraft:set_name",
              "target": "item_name",
              "name": [
                {
                  "text": "You Have My Rod I",
                  "color": "gold",
                  "bold": true
                }
              ]
            },
            {
              "function": "minecraft:set_lore",
              "lore": [
                {
                  "text": "------------------------",
                  "color": "blue",
                  "bold": true
                },
                [
                  {
                    "text": "Gain a ",
                    "color": "gray"
                  },
                  {
                    "text": "Luck of the Sea",
                    "color": "white"
                  },
                  {
                    "text": " VII ",
                    "color": "gray"
                  },
                  {
                    "text": "Lure",
                    "color": "white"
                  },
                  {
                    "text": " V ",
                    "color": "gray"
                  },
                  {
                    "text": "Unbreaking",
                    "color": "white"
                  },
                  {
                    "text": " V",
                    "color": "gray"
                  }
                ],
                {
                  "text": "Fishing rod.",
                  "color": "gray"
                }
              ],
              "mode": "replace_all"
            },
            {
              "function": "minecraft:toggle_tooltips",
              "toggles": {
                "minecraft:attribute_modifiers": false
              }
            }
          ],
          "conditions": [
            {
              "condition": "minecraft:inverted",
              "term": {
                "condition": "minecraft:entity_properties",
                "entity": "this",
                "predicate": {
                  "slots": {
                    "container.*": {
                      "predicates": {
                        "minecraft:custom_data": "{augment:378s}"
                      }
                    }
                  }
                }
              }
            }
          ]
        },
        {
          "type": "minecraft:item",
          "name": "minecraft:totem_of_undying",
          "weight": 1,
          "functions": [
            {
              "function": "minecraft:set_count",
              "count": 1
            },
            {
              "function": "minecraft:set_custom_data",
              "tag": "{uhcp_augSelect:1b,augment:331s}"
            },
            {
              "function": "minecraft:set_name",
              "target": "item_name",
              "name": [
                {
                  "text": "Last Stand",
                  "color": "gold",
                  "bold": true
                }
              ]
            },
            {
              "function": "minecraft:set_lore",
              "lore": [
                {
                  "text": "------------------------",
                  "color": "blue",
                  "bold": true
                },
                [
                  {
                    "text": "When below 5 hearts, gain ",
                    "color": "gray"
                  },
                  {
                    "text": "Resistance",
                    "color": "white"
                  },
                  {
                    "text": " I.",
                    "color": "gray"
                  }
                ]
              ],
              "mode": "replace_all"
            },
            {
              "function": "minecraft:toggle_tooltips",
              "toggles": {
                "minecraft:attribute_modifiers": false
              }
            }
          ],
          "conditions": [
            {
              "condition": "minecraft:inverted",
              "term": {
                "condition": "minecraft:entity_properties",
                "entity": "this",
                "predicate": {
                  "slots": {
                    "container.*": {
                      "predicates": {
                        "minecraft:custom_data": "{augment:331s}"
                      }
                    }
                  }
                }
              }
            }
          ]
        },
        {
          "type": "minecraft:item",
          "name": "minecraft:splash_potion",
          "weight": 1,
          "functions": [
            {
              "function": "minecraft:set_count",
              "count": 1
            },
            {
              "function": "minecraft:set_custom_data",
              "tag": "{uhcp_augSelect:1b,augment:324s}"
            },
            {
              "function": "minecraft:set_name",
              "target": "item_name",
              "name": [
                {
                  "text": "Healing Orbs II",
                  "color": "gold",
                  "bold": true
                }
              ]
            },
            {
              "function": "minecraft:set_lore",
              "lore": [
                {
                  "text": "------------------------",
                  "color": "blue",
                  "bold": true
                },
                {
                  "text": "Whenever an enemy player dies within 15 blocks of",
                  "color": "gray"
                },
                {
                  "text": "you, heal 4 hearts.",
                  "color": "gray"
                }
              ],
              "mode": "replace_all"
            },
            {
              "function": "minecraft:toggle_tooltips",
              "toggles": {
                "minecraft:attribute_modifiers": false
              }
            }
          ],
          "conditions": [
            {
              "condition": "minecraft:inverted",
              "term": {
                "condition": "minecraft:entity_properties",
                "entity": "this",
                "predicate": {
                  "slots": {
                    "container.*": {
                      "predicates": {
                        "minecraft:custom_data": "{augment:324s}"
                      }
                    }
                  }
                }
              }
            }
          ]
        },
        {
          "type": "minecraft:item",
          "name": "minecraft:red_dye",
          "weight": 1,
          "functions": [
            {
              "function": "minecraft:set_count",
              "count": 1
            },
            {
              "function": "minecraft:set_custom_data",
              "tag": "{uhcp_augSelect:1b,augment:376s}"
            },
            {
              "function": "minecraft:set_name",
              "target": "item_name",
              "name": [
                {
                  "text": "Vengeance",
                  "color": "gold",
                  "bold": true
                }
              ]
            },
            {
              "function": "minecraft:set_lore",
              "lore": [
                {
                  "text": "------------------------",
                  "color": "blue",
                  "bold": true
                },
                [
                  {
                    "text": "Gain ",
                    "color": "gray"
                  },
                  {
                    "text": "Strength",
                    "color": "white"
                  },
                  {
                    "text": " 1 for 6 seconds whenever an ally",
                    "color": "gray"
                  }
                ],
                {
                  "text": "dies within 32 blocks of you.",
                  "color": "gray"
                }
              ],
              "mode": "replace_all"
            },
            {
              "function": "minecraft:toggle_tooltips",
              "toggles": {
                "minecraft:attribute_modifiers": false
              }
            }
          ],
          "conditions": [
            {
              "condition": "minecraft:inverted",
              "term": {
                "condition": "minecraft:entity_properties",
                "entity": "this",
                "predicate": {
                  "slots": {
                    "container.*": {
                      "predicates": {
                        "minecraft:custom_data": "{augment:376s}"
                      }
                    }
                  }
                }
              }
            }
          ]
        }
      ]
    }
  ]
}