{
  "pools": [
    {
      "rolls": 1,
      "entries": [
        {
          "type": "minecraft:item",
          "name": "minecraft:diamond_sword",
          "weight": 1,
          "functions": [
            {
              "function": "minecraft:set_count",
              "count": 1
            },
            {
              "function": "minecraft:set_custom_data",
              "tag": "{uhcp_augSelect:1b,augment:201s}"
            },
            {
              "function": "minecraft:set_name",
              "target": "item_name",
              "name": [
                {
                  "text": "All-Out Attack",
                  "color": "aqua",
                  "bold": true
                }
              ]
            },
            {
              "function": "minecraft:set_lore",
              "lore": [
                {
                  "text": "------------------------",
                  "color": "blue",
                  "bold": true
                },
                {
                  "text": "Your attacks deal 50% increased damage.",
                  "color": "gray"
                },
                [
                  {
                    "text": "You can no longer equip shields.",
                    "color": "red"
                  }
                ]
              ],
              "mode": "replace_all"
            },
            {
              "function": "minecraft:toggle_tooltips",
              "toggles": {
                "minecraft:attribute_modifiers": false
              }
            }
          ],
          "conditions": [
            {
              "condition": "minecraft:inverted",
              "term": {
                "condition": "minecraft:entity_properties",
                "entity": "this",
                "predicate": {
                  "slots": {
                    "container.*": {
                      "predicates": {
                        "minecraft:custom_data": "{augment:0s}"
                      }
                    }
                  }
                }
              }
            }
          ]
        }
      ]
    }
  ]
}